,Index,sample_url,feature,platform,bug fix,debug,cross,preprocessing,model chng,training chng,accuracy,performance,security,maintenance,add module,move module,remove module,split module,add package,remove package,update package,licence,clean up,token replace,refactor,indent,branch,external,merge,versionning,source control,build/config,testing,documentation,internationalization,input data,output data,program data,exploit additionnal data,understanding,param tinkering,sharing,adding_regenerated code files,change_of_file_permission_or_encoding,copy_and_customize_module,evaluation_code_change,visual_output_change
0,0,https://github.com/Mappy/tf-faster-rcnn/commit/532d02b6990b9514075aeb25bd97459dfed973c7,,,Rater_0Rater_1,,,,,,,,,,,,,,,,,,,,,,,,,,,,,,,,,,,,,,,,,,
1,1,https://github.com/pierre-ecarlat/tf-faster-rcnn/commit/0e8c609bb55c995b1f94a7867d1fc3cdb69e3259,,,,Rater_0Rater_1,,,,,,,,,Rater_0Rater_1,,,,,,,,,,,,,,,,,,,,,,,Rater_0Rater_1,,,Rater_0Rater_1,,,,,,
2,2,https://github.com/pierre-ecarlat/tf-faster-rcnn/commit/4a0300f0f982846abd47acad94d99de978a10b72,,,,Rater_0Rater_1,,,,,,,,,,,,,,,,,Rater_0Rater_1,,,,,,,,,,,,,,,,,,Rater_0Rater_1,,,,,,
3,3,https://github.com/piaosonglin1985/tf-faster-rcnn/commit/8e60b9dc92390f1bfb8cf6e62d93bcabbc123c4a,,,Rater_0Rater_2Rater_1,,,,,,,,,,,,,,,,,,,,,,,,,,,,Rater_0Rater_1,,,,,,,,,,,,,,
4,4,https://github.com/JRCondeNast/tf-faster-rcnn/commit/ebcc997c881870839073836f230c8682089ba7d1,,,Rater_0Rater_1,Rater_0Rater_1,,,,Rater_0Rater_2Rater_1,,,,,,,,,,,,,,,,Rater_0Rater_1,,,,,,,,,,,,,,,,,,,,,
5,5,https://github.com/SimuJenni/tf-faster-rcnn/commit/b6b5a3c56f6f84ba964d07568dfb07d2e82d416d,,,Rater_0Rater_1,,,,,,,,,,,Rater_0Rater_1,,,,,,,,,,,,,,,,,,,,,,,,,,,,,,,
6,6,https://github.com/junranhe/tf-faster-rcnn/commit/0d384de48775e621359ae8e9cea04677ffbe44d1,,,,,,,,,,,,,,,,,,,,,,,Rater_0Rater_1,,,,,,,,,,,,,,,,,,,,Rater_0Rater_1,,
7,7,https://github.com/wenxichen/tf-faster-rcnn/commit/7e3ff81284182ed0a9440ad99fbf7c3833502dbd,,,,,,,,,,,,,,,,,,,,,,,,Rater_0Rater_1,,,,,,,,,,,,,,,,,,,,,
8,8,https://github.com/nikolaevra/tf-faster-rcnn/commit/a7b4412737db3c4556242912d6108d27207e9883,,,,,,,,,,,,,,,,,,,,,Rater_0Rater_2,,,Rater_0Rater_2,,,,,,Rater_0Rater_2,Rater_0Rater_2,,,Rater_0Rater_2Rater_1,,,,Rater_0Rater_2,,,,,,,
9,9,https://github.com/SamyMe/tf-faster-rcnn/commit/d18f6c6648dc22c959ebae950ed3944b259e9d82,,,,,,,,,,,,,,,,,,,,,,,,,,,,,,,,,,Rater_0Rater_2Rater_1,,,,,Rater_0Rater_2Rater_1,,,,,,Rater_0Rater_2Rater_1
10,10,https://github.com/VCL-WHU/tf-faster-rcnn/commit/d91f99ef942dad90a5f0c05fe05c29c443fa1f60,,,,,,,,,,,,,,,,,,,,,Rater_0Rater_2Rater_1,,,,,,,,,,,,,,,,,Rater_0Rater_1,,,,,,,
11,11,https://github.com/VCL-WHU/tf-faster-rcnn/commit/349b6bdb40957f4cf34983714b960aa13db942a2,,,,,,,,,,,,,,,,,,,,,,,,,,,,,,,,Rater_0Rater_1,,,,,,Rater_0Rater_1,,,,,,,
12,12,https://github.com/wenyushi/tf-faster-rcnn/commit/4608f80890e7a90a4ba02d62de4f1a7569b134e9,,,,,,,,,,,,,,,,,,,,,,,,,,,,,,,,,,,,,,Rater_0Rater_2Rater_1,,,,,,,
13,13,https://github.com/dengdan/tf-faster-rcnn/commit/2e798611dbcb2778dbc1d3de269aefe60bf8c217,,,,Rater_0Rater_1,,,,,,,,,,,,,,,,,,,,,,,,,,,,,,,,,,,,,,,,,
14,14,https://github.com/JosephKJ/tf-faster-rcnn/commit/d3f384ada7f0fc4447afa68ffb549d9056c2806d,,,,,,,Rater_0Rater_1,,,,,,,,,,,,,,,,,,,,,,,,,,,,,,,,,,,,,,
15,15,https://github.com/JosephKJ/tf-faster-rcnn/commit/f9446ac0a89b85a2327a36f480557290aab42809,,,,Rater_0Rater_1,,,,,,,,,,,,,,,,,,,Rater_0Rater_2Rater_1,,,,,,,,,,,,,,,,,,,,,,
16,16,https://github.com/benchou1919/KittiSeg/commit/a8f23b462b1a244edd53b9fe5867587c67a3a1c5,,,,Rater_0Rater_2,,,,,,,,,,,,,,,,,,,,,,,,,,,,,,,Rater_0Rater_1,,,,,,,,,,
17,17,https://github.com/IAC-Team/SemSeg/commit/99d023ed07641cdd51f3c8948c4e9e3716c509b5,,,,,,Rater_0Rater_2Rater_1,,,,,,,Rater_0Rater_2Rater_1,,,,,,,,,,,,,,,,,,,,,,,,,,,,,,,,
18,18,https://github.com/rowjay/neural-style/commit/a6df090d5c296a0e2becda38b8158495e77d8ef5,Rater_0Rater_2Rater_1,,,Rater_0Rater_1,,,,,,,,,,,,,,,,,,,,,,,,,,,,,,,,,,,,,,,,,
19,19,https://github.com/evanthomas/neural-style/commit/31de3772fc253984a017ed08ccd27587d3511d38,,,,,,,,,,,,Rater_0Rater_1,,,,,,,,,Rater_0Rater_1,,Rater_0Rater_1,Rater_0Rater_1,,,,,,,,,,,,Rater_0Rater_1,,,Rater_0Rater_1,,,,,,
20,20,https://github.com/paulcarfantan/neural-style/commit/664509b899ded951716a102022c2b2744e4af3ca,,,,,,,Rater_0Rater_1,,,,,,,,,,,,,,,,Rater_0Rater_1,Rater_0Rater_1,,,,,,,,,,,,,,Rater_0Rater_1,,,,,,,Rater_0Rater_1
21,21,https://github.com/avoroshilov/neural-style/commit/ba04a4b2be0083007f32983ff37847aece08c1e1,,,,,,,,,,,,,,,,,,,,,,,,,,,,,,,,Rater_0Rater_1,,,,,,,,,,,,,
22,22,https://github.com/avoroshilov/neural-style/commit/7a92d0f0ed4b4016531a6b0f8f64a791419c4303,,,,,,,,,,,,,,,,,,,,,,,,,,,,,,,,Rater_0Rater_2Rater_1,,,,,,,,,,,,,
23,23,https://github.com/avoroshilov/neural-style/commit/73e82646a53d4938b618bff9aeddc08596b960a9,,,,,,,Rater_0Rater_2Rater_1,,,,,,,,,,,,,,,,Rater_0Rater_1,,,,,,,,,,,,,,,,Rater_0Rater_2Rater_1,,,,,,
24,24,https://github.com/leshy/neural-style/commit/e5e5a05c114862a29b98efb89fc24324ec4cd166,,,,Rater_0Rater_1,,,,,,,,,,,,,,,,,,,Rater_0Rater_1,,,,,,,,,,,,,,,,,,,,,,
25,25,https://github.com/eduardbudacu/neural-style/commit/b7f5ea3bb78e7a2db21dc87318b928b4275cbe19,,,Rater_0Rater_2Rater_1,,,,,,,,,,,,,,,,,,,,,,,,,,,,,,,,,,,,,,,,,,
26,26,https://github.com/minostauros/neural-style/commit/d61bfaec5eae2c094292c8bf4f73e894ea4d81cc,,,,,,,,,,,,,,,,,,,,,,,,,,,,,,,,,,Rater_0Rater_1,,,,,,,,,,,
27,27,https://github.com/askerlee/neural-style/commit/efc9d96e8aac93cc86d5f3ecb03d49c0578be627,,,,,,,,,,,,,,,,,,,,,,,,,,,,,,,,Rater_0Rater_2Rater_1,,,,,,,,,,,,,
28,28,https://github.com/wuqianliang/facenet/commit/aa9e319e2185c3c4955541f881cc0abc49f2a422,,,,Rater_0Rater_1,,,,,,,,,Rater_0Rater_1,,,,,,,,,,,,,,,,,,,,,,,,,,,,,,,,
29,29,https://github.com/Bruceeeee/facenet/commit/00e0d669f8a14d14fb1fca860bc30490ac3ab251,,,,,,,,,,,,,,,,,,,,,Rater_0Rater_1,,Rater_0Rater_1,,,,,,,,,,,,,Rater_0Rater_1,,,,,,,,,
30,30,https://github.com/Bruceeeee/facenet/commit/d9e6213cd8286334000ddf75529eba3662cef38a,,,,,,,,,,,,,,,,,,,,,,,Rater_0Rater_1,,,,,,,,,,,,,Rater_0Rater_1,,,,,,,,,
31,31,https://github.com/hkroh-denev/facenet/commit/a6004b210e22013dbc7ce46b3dc4a2fc44b04cfb,,,,,,,,,,,,,,Rater_0Rater_1,,,,,,,,,,,,,,,,,,,,,,,,,,,,,,,
32,32,https://github.com/MdSHossain/facenet/commit/05ecbd3d6a10cf05a8ee0ba6e7393fa2ec37bda5,,,,,,,,,,,,,,,,,,,,,,,,,,,,,,,,Rater_0Rater_1,,,,,,,,,,,,,
33,33,https://github.com/seonho/facenet/commit/daebfde38a2d9a01b3debbd4cbaceb402ad3bde1,,,Rater_0Rater_1,,,,,,,,,,Rater_0Rater_1,,Rater_0Rater_1,,,,,,,,,Rater_0Rater_1,,,,,,Rater_0Rater_1,,,,,,Rater_0Rater_1,,,,,,,Rater_0Rater_1,,
34,34,https://github.com/helloyide/facenet/commit/724ece2e73ccabca004558f163f610163ff58708,,,,,,,,,,,,,,,,,,,,,,,,,,,,,,,,,,,Rater_0Rater_1,,,,,,,,,,
35,35,https://github.com/helloyide/facenet/commit/931b08545f15e00b47ebbf6aeedebc0668f5d7c3,,,,,,,,,,,,,,,,,,,,,,,,,,,,,,,,,,,Rater_0Rater_1,,,,,,,,,,
36,36,https://github.com/kilgore92/facenet/commit/c798402819ad40da99150ccce5fc4ee77b52f365,,,Rater_0Rater_1,,,,,,,,,,,,,,,,,,,,,,,,,,,,,,,,Rater_0Rater_1,,,,,,,,,,
37,37,https://github.com/kilgore92/facenet/commit/02eb2a4f1f0e3c24b908e666611e106ddeeaeb42,Rater_0Rater_2,,,,,,,,,,,,Rater_0Rater_1,,,,,,,,,,,,,,,,,,,,,,,,,,,,,,Rater_0Rater_1,,
38,38,https://github.com/huafengw/facenet/commit/61c05a50a3288b6913e57aa44deeaf245a2a9f33,,,,,,,,,,,,,Rater_0Rater_1,,,,Rater_0Rater_1,,,,,,,,,,,,,,,,,,,,,,,,,,,,
39,39,https://github.com/DanDyDunder/facenet/commit/9c1b7ebf862462b330b2e2752f54d4f796879912,,,,,,,,,,,,,,,Rater_0Rater_1,,,,,,,,,,,,,,,,Rater_0Rater_1,,,,,,,,,,,,,,
40,40,https://github.com/DanDyDunder/facenet/commit/503743470a9167cc40129c8183e777106725ce78,,,,,,,,,,,,,,,Rater_0Rater_1,,,,,,,,,,,,,,,,Rater_0Rater_1,,,,,,,,,,,,,,
41,41,https://github.com/modanesh/facenet/commit/97730f22b2cefc42283c6ee7d8018fed3a97e0cf,Rater_0Rater_1,,,,,,,,,,,,Rater_0Rater_1,,,,,,,,,,,,,,,,,,,,,,,,,,,,,,,,
42,42,https://github.com/rongliangzi/facenet/commit/ac0c6d083aca18aaae62cdc70c7cc1e5e7a3f18c,,,,,,Rater_0Rater_1,,Rater_0Rater_1,,,,,Rater_0Rater_1,,,,,,,,,,,,,,,,,,Rater_0Rater_1,,,Rater_0Rater_1,Rater_0Rater_1,Rater_0Rater_1,,,Rater_0Rater_1,,,,Rater_0Rater_1,Rater_0Rater_1,
43,43,https://github.com/whitenightwu/facenet/commit/b8f9feb3729036af4b0132ae1f8e2c9a51bfa9c1,,,,,,Rater_0Rater_1,,,,,,Rater_0Rater_1,,,,,,,,,,,Rater_0Rater_1,,,,,,Rater_0Rater_1,,,,,Rater_0Rater_1,Rater_0Rater_1,Rater_0Rater_1,,,Rater_0Rater_1,,,,Rater_0Rater_1,,
44,44,https://github.com/tensorflow-pool/facenet/commit/7e691a024d5bdcccf2cb713fb39e3cd8d4c84249,,,Rater_0Rater_1,,,,,,,,,,,,,,,,,,,,,,,,,,,,,,,,,,,Rater_0Rater_1,,,,,,,
45,45,https://github.com/apollo-time/facenet/commit/715d5cfbd2eef70e83f55ff9b697d13173ee06de,,,,,,,,,,,,,,,,,,,,,,,,,,,,,,,,,,,Rater_0Rater_1,,,,,,,,,,
46,46,https://github.com/xergioalex/facenet/commit/6d2ee72a7fd744b87dd6bcea249371058c4a8fbe,,,,,,,,,,,,,,,,,,,,,,,,Rater_0Rater_1,,,,,,,,,,,,,,,,,,,,,
47,47,https://github.com/mhs-rajaei/facenet/commit/9991be76d0951c9a729dff332394383d4bf6cce1,,,,,,,,,,,,,,Rater_0Rater_1,Rater_0Rater_1,,,,,,,,Rater_0Rater_1,,,,,,,,,,,,,,,,,,,,,,
48,48,https://github.com/IsanHu/facenet/commit/a521bfc7738ddb5a470619bb27c00c5044f1bb8a,,,,,,,,,,,,,,,,,,,,,,,Rater_0Rater_1,,,,,,,,,,,,,,,,,,,,,,
49,49,https://github.com/IsanHu/facenet/commit/e6cfa4a32898450e5b66a532c88ccf5e5a04ee7e,,,,,,,,,,,,,,,,,,,,,,,Rater_0Rater_1,,,,,,,,,,,,,,,,,,,,,,
50,50,https://github.com/aboodalsaiari/facenet/commit/9f6e522e0f27ca5221f1a0814bc09c7292a40b48,,,,,,,,,,,,,,,,,,,,,,,,,,,,,,,,Rater_0Rater_1,,,,,,,,,,,,,
51,51,https://github.com/wilkenshuang/facenet/commit/9f2b9a693ab7277b215ef9a97f7c8086cdf7fff9,,,,,,,,,,,,,,,,,Rater_0Rater_1,,Rater_0Rater_1,,,,,,,,,,,,,,,,,,,,,,,,,,
52,52,https://github.com/darwin-xu/facenet/commit/b609d60c14a12367ed0915683fa4a6f34200efed,,,,,,,,,,,,,,,,,,,,,,,Rater_0Rater_1,,,,,,,,,,,,,,,,,,,,,,
53,53,https://github.com/loomai/facenet/commit/35613f0af7d723739ccd7cc519a09bf8f4d3dec9,,,,,,,Rater_0Rater_1,,,,,,,,,,,,,,,,,,,,,,,,,,,,,,,,Rater_0Rater_1,,,,,,
54,54,https://github.com/loomai/facenet/commit/d0475f195cc3ed509a229b03a81672d9fdcf65b0,,,,,,,,Rater_0Rater_1,,,,,,,,,,,,,,,,,,,,,,,,,,,,,,,,,,,Rater_0Rater_1,,
55,55,https://github.com/zxu7/facenet/commit/b4c0b9664d0fe1bca9aa7cf1d69f0e04747014ca,,,Rater_0Rater_1,,,,,,,,,,,,,,,,,,,,,,,,,,,,,,,,,,,,,,,,,,
56,56,https://github.com/svebk/facenet/commit/d7ede139abf8c06400b278d12d2b12b769a8637a,,,,,,,,,,,,,,,,,,,,,Rater_0Rater_1,,,,,,,,,,,,,,,,,,,,,,,,
57,57,https://github.com/svebk/facenet/commit/39e72202332c70849e2613d8a675fe3bbf5b797f,,,,,,,,,,,,,,,,,,,,,Rater_0Rater_1,,,,,,,,,,,,,,,,,,,,,,,,
58,58,https://github.com/eewindfly/facenet/commit/16c64e0c677cb23ddd7d2b271e63cd95ea18dcd3,,,,,,,,,,,,,,,,,,,,,Rater_0Rater_1,,,,,,,,,,,,,,,,,,Rater_0Rater_1,,,,,,
59,59,https://github.com/eewindfly/facenet/commit/8dc38b504ee52ff34fb9356dfdece85e96cb5162,,,,,,,,,,,,,,,,,,,,,,,,,,,,,,,,,,,,,,,,,,Rater_0Rater_1,,,
60,60,https://github.com/scanner-research/facenet/commit/faf6a03da96409b1cf284f6a30f486e86e745316,,,,,,Rater_0Rater_1,,,,,,,,,,,,,,,,,,,,,,,,,,,,Rater_0Rater_1,,,,,,,,,,,
61,61,https://github.com/taojin1992/facenet/commit/3cbd8f9867b52e25c49c363b6a972c2084398b56,,,,,,,,,,,,,,,Rater_0Rater_1,,,,,,,,,,,,,,,,,,,,,,,,,,,,,,
62,62,https://github.com/sepastian/facenet/commit/d6954da37d7651ac8e8cf2298e0135721a78b7ae,,,,,,,,,,,,,,,,,,,,,,,,,,,,,,,,Rater_0Rater_1,,,,,,,,,,,,,
63,63,https://github.com/Juicechen95/facenet/commit/4b10e35315d19e4fc6386f5dd055d6babb721e3b,,,,,,,,,,,,,,,,,,,,,Rater_0Rater_1,,,,,,,,,,,,,,,,,,,,,,,,
64,64,https://github.com/jojolin/facenet/commit/cfadcf86e847adeb09d426f43d126a2f4ebe78ca,,,,,,Rater_0Rater_1,,,,,,,Rater_0Rater_1,,,,,,,,,,,,,,,,,,,,,,,,,,,,,,Rater_0Rater_1,,
65,65,https://github.com/sadicLiu/facenet/commit/8dba8547f2112109cbddced6e6f148a4403c7134,,,,,,,,Rater_0Rater_1,,,,,Rater_0Rater_1,,,,,,,,,,,,,,,,,,Rater_0Rater_1,,,,,,,Rater_0Rater_1,,,,Rater_0Rater_1,,Rater_0Rater_1,
66,66,https://github.com/hpnhxxwn/youtube-8m-1/commit/16d673acd2815522add167757115abbc33491b18,,,,,,,,,,,,,,,,,,,,,,,,,,,,,,,,Rater_0Rater_1,,,,,,,,,,,,,
67,67,https://github.com/samihaija/youtube-8m/commit/ecbbf1f45290a7c318ed1167f4f96655b53bd1b5,,,Rater_0Rater_1,,,Rater_0Rater_1,,,,,,,,,,,,,,,,,,,,,,,,,,,,,,,,,,,,,,,
68,68,https://github.com/slai11/youtube-8m/commit/1ba83c34cd151420cca3982d5a300942c85b4379,Rater_0Rater_1,,,,,,,,,,,,,,,,,,,,,,,,,,,,,,,,,,,,,,,,,,,,
69,69,https://github.com/slai11/youtube-8m/commit/2397c090dc0fb268bdcf1a6a2ec262d8181598de,,,,Rater_0Rater_1,,,,,,,,,,,,,,,,,,,,,,,,,,,,,,,,,,,,,,,,,
70,70,https://github.com/dylancashman/youtube-8m/commit/7aab447fe00436d88f5d95da3756f64e859c9818,Rater_0Rater_1,,,,,,,Rater_0Rater_1,,,,,,,,,,,,,,,,,,,,,,,,Rater_0Rater_1,,,,,,,,,,,,,
71,71,https://github.com/greentfrapp/youtube-8m/commit/10c8a0ab23722bbe925899cd64225d53550e37f6,,Rater_0Rater_1,,,,,,,,,,,,,,,,,,,,,,,,,,,,,,,,,,,,,,,,,,,
72,72,https://github.com/clarencechen/youtube-8m/commit/f117636a394dbf9f5dd2c143cdf5b88a33285a10,,,Rater_0Rater_1,,,,,,,,,,,,,,,,,,,,,,,,,,,,,,,,,,,,,,,,,,
73,73,https://github.com/aglotero/youtube-8m/commit/e553ba9acf74bf9b0fc43d2ed0d6d996fe474562,,,,,,,,Rater_0Rater_1,,,,,,,,,,,,,,,,,,,,,,,,,,,,,,,Rater_0Rater_1,,,,,,
74,74,https://github.com/surisdi/youtube-8m/commit/ee24ab03d477b2aeb97cb3ed68a599eac4372a2c,,,,,,,,,,,,Rater_0Rater_1,,,,,,,,,,,,,,,,,,,,,,,,,,,,,,,,,
75,75,https://github.com/surisdi/youtube-8m/commit/e89b2489fab3ccdae10b1bc7073bc6b8ff1612fe,,,,,,,,,,,,,,,,,,,,,,,,Rater_0Rater_1,,,,,,,,,,,,,,,,,,,,,
76,76,https://github.com/jpark96/yt8m-mlab/commit/5ab56396fbe0d17ac3a9c33f078108768492686f,,,,,,,,Rater_0Rater_1,,,,,,,,,,,,,,,,,,,,,Rater_0Rater_1,Rater_0Rater_1,,,,,,,,,,,,,,,
77,77,https://github.com/Strideradu/youtube-8m/commit/5643bc328053248f3c10d2ef37404996ccf5ab6b,,,,,,,,,,,,,,,,,,,,,,,,,,,,,,Rater_0Rater_1,,,,,,,,,Rater_0Rater_1,,,,,,
78,78,https://github.com/Strideradu/youtube-8m/commit/d49d72d10f801857dddac9351ca670f75f136cca,,,,,,,,,,,,,,,,,,,,,,,,,,,,,,Rater_0Rater_1,,,,,,,,,Rater_0Rater_1,,,,,,
79,79,https://github.com/Strideradu/youtube-8m/commit/fb05d227f33009b897c0b0947ca0a481dff53a7e,,,Rater_0Rater_1,,,,,,,,,,,,,,,,,,,,,,,,,,,Rater_0Rater_1,,,,,,,,,Rater_0Rater_1,,,,,,
80,80,https://github.com/Strideradu/youtube-8m/commit/d2ef961ba07d9fdb67957d01aec4521c2c017c94,,,,,,,Rater_0Rater_1,,,,,,,,,,,,,,,,,,,,,,,Rater_0Rater_1,,,,,,,,,Rater_0Rater_1,,,,,,
81,81,https://github.com/BoseAslCohort/youtube-8m/commit/b7528c2ee54e82395db5152a552e9d65fc58fcea,,,,,,,,,,,,,,,,,,,,,,,,,,,,,,Rater_0Rater_1,,,,,,,,,,,,,,,
82,82,https://github.com/BoseAslCohort/youtube-8m/commit/c1b01315bafc24e83248cd862a9324bb21d4d52d,,,,Rater_0Rater_1,,,,,,,,,Rater_0Rater_1,,,,,,,Rater_0Rater_1,,,Rater_0Rater_1,,,,,,,Rater_0Rater_1,,Rater_0Rater_1,,,,,,,,Rater_0Rater_1,,,,,
83,83,https://github.com/minghz/CapsNet-Tensorflow/commit/b3c947c5815aa8cb876b10c51e80f25d12273b88,Rater_0Rater_1,,,,,,,Rater_0Rater_1,,,,,,,,,,,,,Rater_0Rater_1,,,,,,,,,,,,,,,,,,,,,,,,
84,84,https://github.com/minghz/CapsNet-Tensorflow/commit/49a871730581a1742be3adf21b90bcbd36d420f9,,,,,,,,,,,,,,,,,,,,,,,Rater_0Rater_1,,,,,,,,,,,,Rater_0Rater_1,,,,,,,,,,
85,85,https://github.com/zengs/CapsNet-Tensorflow/commit/989aa47489ceac0af001218f63765c1ff3f6e2c3,,,,,,,,,,,,Rater_0Rater_1,,,,,,,,,,,,,,,,,,,,,,Rater_0Rater_1,,,,,,,,,,,
86,86,https://github.com/lsheiba/CapsNet-Tensorflow-1/commit/e343265d2a029001bf5c2bfb2a0ebfd9c4fc30d9,,,,,,,,,,,,,,,,,,,,,Rater_0Rater_1,,,,,,,,,,,,,,,,,,,,,,,,Rater_0Rater_1
87,87,https://github.com/lsheiba/CapsNet-Tensorflow-1/commit/7c80553e049ab43aa3726d9353c3c63e71712487,,,,,,,,,,,,,,,,,,,,,,,,,,,,,,,,,,Rater_0Rater_1,,,,,,,,,,,
88,88,https://github.com/linhailan/CapsNet-Tensorflow/commit/fadabf1aa07fbbfbd3be9200e6ebc94a73ec0213,,,,,,,,,,,,Rater_0Rater_1,,,,,,,,,,,Rater_0Rater_1,,,,,,,,,,,,,,,Rater_0Rater_1,,,,,,,
89,89,https://github.com/ethanabrooks/CapsNet-Tensorflow/commit/58f8a128575ab3eedee9ce0611b04203dc502f8a,,,,,,,,,,,,,,,,,Rater_0Rater_1,,,,,,,,,,,,,,,,,,,,,,,,,,,,
90,90,https://github.com/r-or/deep_sort/commit/df7d69b2014aa3fad6cb526dca1c73831ed185db,,,,,,,,,,,,,,,,,,,,,,,,,,,,,,,Rater_0Rater_1,,,,,,,,,,,,,Rater_0Rater_1,
91,91,https://github.com/marvis/deep_sort/commit/dd40ad50ed0835ff698a798cf718db1ef2b0aadc,Rater_0Rater_1,,,,,,,,,,,,,,,,,,,,,,,,,,,,,,,,,,,,,,,,,,,,
92,92,https://github.com/zhichengMLE/deep_sort/commit/f0ec1cc02a2f2deb05902ed357dadb5b6fe1c3b2,Rater_0Rater_1,,Rater_0Rater_1,,,,,,,,,,,,,,,,,,,,,,,,,,,,,,,,,,,,,,,,,,
93,93,https://github.com/sheh/deep_sort/commit/ec429b4641e067a6702dbe72a57eda55ac95f493,,,,Rater_0Rater_1,,,,,,,,,,Rater_0Rater_1,,,,,,,,,Rater_0Rater_1,Rater_0Rater_1,,,,,Rater_0Rater_1,Rater_0Rater_1,,,,,,,,,,,,,,,
94,94,https://github.com/zxu7/deep_sort/commit/68f882f31fe76e8b44cebc405ec1d59484612fca,Rater_0Rater_1,,,,,,,,,,,,,,,,,,,,,,,,,,,,,,,,,,,,,,,,,,,,
95,95,https://github.com/jmcarpenter2/deep_sort_mcdat/commit/e5eb101a833fc0a8450a77b6036a21692f8d44ad,,,,,,,,,,,,,,,,,,,,,,,,,,,,,,Rater_0Rater_1,,,,,,,,,,,,,,,
96,96,https://github.com/PJunhyuk/deep_sort/commit/f3aff3db4bcad801c35151e674792a51bddacc58,,,,Rater_0Rater_1,,,,,,,,,,,,,,,,,,,,,,,,,,,,,,,,,,,,,,,,,
97,97,https://github.com/marisa-rozzi/fast-style-transfer/commit/c0f8d9a5ab0a72340d7322560c0e41b6bc3c764d,Rater_0Rater_1,,,,,,,,,,,,,,,,,,,,,,,,,,,,,,,Rater_0Rater_1,,,,,,,,,,,,,
98,98,https://github.com/eugeneh101/fast-style-transfer/commit/2ced806ff8872f55fceb6c9d05c3ed0784759926,,Rater_0Rater_1,,,,,,Rater_0Rater_1,,,,,,,,,,,,,,,,,,,,,,,,,,,,,,,,,,,,,
99,99,https://github.com/eugeneh101/fast-style-transfer/commit/a5c4e990b69996ecb19e32b9b457fab65149cae8,Rater_0Rater_1,,,,,,,,,,,,,,,,,,,,,,,,,,,,,,,,,,,,,,,,,,,,
100,100,https://github.com/ec2ainun/fast-style-transfer/commit/49cf9da2189cb97758e8456888e4cff876def98d,,,,,,,,,,,,,,,,,,,,,,,,,,,,,Rater_0Rater_2,,,,,,,,,,Rater_0Rater_2,,,,,Rater_1,
101,101,https://github.com/errosica/fast-style-transfer/commit/ab58cbf8825135ae2d5c39bcec6245984310178e,,,Rater_0Rater_1,,,,,,,,,,,,,,,,,,,,,,,,,,,,,,,,,,,,,,,,,,
102,102,https://github.com/Salomefu/fast-style-transfer/commit/e5c784cc10aed57d54fadcd60c239c88f5bb7e9f,Rater_0Rater_1,,Rater_0Rater_1,,,,,,,,,,,,,,,,,,,,,,,,,,,,,Rater_0Rater_1,,,,,,,,,,,,,
103,103,https://github.com/paulcarfantan/fast-style-transfer/commit/de43b724bffaa6f41606d0457caddf1b78015d33,,,,,,,,,,,,,,,,,,,,,,,,,,,,,,,,Rater_0Rater_1,,Rater_0Rater_1,,,,,,,,,,,
104,104,https://github.com/JEF1056/fast-style-transfer/commit/f7401f9e373eb59d8efe1193f7bb8dba009d495a,Rater_0Rater_1,,,,,,,Rater_0Rater_1,,,,,,,,,,,,,,,,,,,,,,,,,,,,,,,Rater_0Rater_1,,,,,,
105,105,https://github.com/JEF1056/fast-style-transfer/commit/367d4dd7c543a1b39f822b0417d572ef181d5ed7,,,Rater_0Rater_1,,,,,,,,,,,,,,,,,,,,,,,,,,,,,,,,,,,,,,,,,,
106,106,https://github.com/JEF1056/fast-style-transfer/commit/95d6722f30aa3198ae7bc6dd06e66a1d979004d1,,,,,,,,,,,,,,,,,,,,,,,,,,,,,,,,,,,,,,,Rater_0Rater_1,,,,,,
107,107,https://github.com/sharan-naribole/fast-style-transfer/commit/60c6dfd7312e42b0d76426af1224dfdaf4d1c85d,,,,,,,,,,,,,,,,,,,,,,,,,,,,,,,,,,Rater_0Rater_1,,,,,,,,,,,
108,108,https://github.com/dmclark17/fast-style-transfer/commit/863ddf7ce0c1efcb425d822ecb5f76664c87fa0b,,,,,,,,,,,,,,,,,,,,,,,,,,,,,,,,,,,Rater_0Rater_1,,,,,,,,,,
109,109,https://github.com/Pariyat/fast-style-transfer/commit/5f027d8d4b2083254afd32d285653195bb25ec53,,,,,,,,,,,,,,,,,,,,,,,,,,,,,,,,,,Rater_0Rater_1,Rater_0Rater_1,,,,,,,,,,
110,110,https://github.com/MatchSG/fast-style-transfer/commit/49cf9da2189cb97758e8456888e4cff876def98d,,,Rater_0Rater_1,,,,,,,,,,,,,,,,,,,,,,,,,,Rater_0Rater_1,,,,,Rater_0Rater_1,,,,,Rater_0Rater_1,,,,,,
111,111,https://github.com/stefanistrate/fast-style-transfer/commit/2c3d90b237fe437c4ec58ded108fa254e689556c,,,,,,,,,,,,,,,,,,,,,,,,,,,,,,,,,,,,,,,Rater_0Rater_1,,,,,,
112,112,https://github.com/PanoWu/distributed-fast-style-transfer/commit/6734eab0272206ba436ef2b5be569c80908fa7d7,,,Rater_0Rater_1,,,,,,,,,,,,,,,,,,,,,,,,,,,,,,,,,,,,,,,,,,
113,113,https://github.com/benuri/fast-style-transfer/commit/aab9bf71bf47ff8a5cd78dd01972ea9f9b0e7ae0,,,Rater_0Rater_1,,,,,,,,,,,,,,,,,,,,,,,,,,Rater_0Rater_1,,,,,Rater_0Rater_1,,,,,Rater_0Rater_1,,,,,,
114,114,https://github.com/lUllLabs/fast-style-transfer/commit/48b035f98ebc4cc2c51cc5ea5429bc8644975a35,,,,,,,,,,,,,,,Rater_0Rater_1,,,,,,,,,,,,,,,,,,,,,,,,,,,,,,
115,115,https://github.com/mflood/fast-style-transfer/commit/7216ab7ef6f58bcb156703083f1c72b7e7503f59,,,,Rater_0Rater_1,,,,,,,,,,,,,,,,,,,,,,,,,,,,,,,,,,,,,,,,,
116,116,https://github.com/peetonn/fast-style-transfer/commit/2cf5909f9029d9b4e5800c215ee7ca33c0c482a9,Rater_0Rater_1,,,,,,,,,,,,Rater_0Rater_1,,,,,,,,,,,,,,,,,,,,,,,,,,,,,,,,
117,117,https://github.com/frankgrt/fast-style-transfer/commit/a7125bd4055a4bb61c4716524fac4ad2edf5eff1,,,Rater_0Rater_1,,,,,,,Rater_0Rater_1,,,,,,,,,,,,,,,,,,,,,,,,,,,,,,,,,,,
118,118,https://github.com/JayLSU/fast-style-transfer/commit/a7125bd4055a4bb61c4716524fac4ad2edf5eff1,,,,,,,,,,Rater_0Rater_1,,,,,,,,,,,,,,,,,,,,,,,,,,,,,,,,,,,
119,119,https://github.com/hy0kl/fast-style-transfer/commit/e7809904c9410160738ab23a9d2753897e9a1007,,,,,,,,,,,,,,,,,,,,,,,,,,,Rater_0Rater_1,,,,,,,,,,,,,,,,,,
120,120,https://github.com/CodeRecipeJYP/fast-style-transfer/commit/7027a3843fa3d793697da5ba188887629a4d69eb,,,,,,,,,,,,,,,,,,,,,,,,,,,,,,,,,,,,,,,,,,Rater_0Rater_1,,,
121,121,https://github.com/jjups96/fast-style-transfer/commit/5c626702e65b76b11e94f541835453a18cc28943,,,,,,,,,,,,,,,,,,,,,,,,,,,,,,,,Rater_0Rater_1,,,,,,,,,,,,,
122,122,https://github.com/jjups96/fast-style-transfer/commit/dc740f3f6cf752374d33e9b5d31db94c9b4274d2,,,,,,,,,,,,,,,,,,,,,,,,,,,,,,,,Rater_0Rater_1,,,,,,,,,,,,,
123,123,https://github.com/genekogan/fast-style-transfer/commit/c4cc2f71af9fe925d4cc693ec0bd6546bf4b486b,,,,,,,,,,,,,,,,,,,,,,,,,,,,,,Rater_0Rater_1,,,,,,,,,,,,,,,
124,124,https://github.com/genekogan/fast-style-transfer/commit/92c89ad0eda3efaede3270c4811d63a730862d91,Rater_0Rater_1,,,,,,,,,,,,,,,,,,,,,,,,,,Rater_0Rater_1,,,,,Rater_0Rater_1,,,,Rater_0Rater_1,,,,,,,,,
125,125,https://github.com/tambetm/fast-style-transfer/commit/457d4122918177a2f5679a3b036d580b7ea68a4b,,,,,,,,,,,,,,,,,,,,,,,,,,,,,,,,,,,,,,,Rater_0Rater_1,,,,,Rater_0Rater_1,
126,126,https://github.com/tambetm/fast-style-transfer/commit/23580803e11c11d29af79ad082b2771a5409ffcd,,,,,,,,,,,,Rater_0Rater_1,,,,,,,,,Rater_0Rater_1,,,,,,Rater_0Rater_1,,,,,,,,,,,,,,,,,,
127,127,https://github.com/shabazpatel/fast-style-transfer/commit/a7125bd4055a4bb61c4716524fac4ad2edf5eff1,,,,,,,,,,Rater_0Rater_1,,,,,,,,,,,,,,,,,,,,,,,,,,,,,,,,,,,
128,128,https://github.com/andrewb-ms/fast-style-transfer/commit/447ca27fd26850d9a2312cd94baa8db581498f4e,,,,,,,,,,,,,,,,,,,,,,,,,,,,,,Rater_0Rater_1,,,,,,,,,,,,,,,
129,129,https://github.com/andrewb-ms/fast-style-transfer/commit/50e1be90f1ec1e9fd47274c674c8763bb740ee1a,Rater_0Rater_1,,,,,,,,,,,,,,,,,,,,,,,,,,,,,,,,,,,,,,,,,,,,
130,130,https://github.com/andrewb-ms/fast-style-transfer/commit/47c993b71e2fe717e21fc3da4e8e69261832ca85,,,,,,,,,,,,,,,,,,,,,,,,,,,,,,,,,,,Rater_0Rater_1,,,,,,,,,,
131,131,https://github.com/dreyk/fast-style-transfer/commit/10972fb6145d1124938e46bc01d02660110d3c53,,,,,,,Rater_0Rater_1,,,,,,,,,,,,,,,,Rater_0Rater_1,,,,,,,,,,,,,,,,,,,,,,
132,132,https://github.com/Yiming992/fast-style-transfer/commit/edbbc8475573931e031353afaa66cf5dd796d4cf,,,Rater_0Rater_1,,,,,,,,,,,,,,,,,,,,,,,,,,,,,,,,,,,,,,,,,,
133,133,https://github.com/cmiller112000/fast-style-transfer/commit/a7125bd4055a4bb61c4716524fac4ad2edf5eff1,,,,,,,,,,Rater_0Rater_1,,,,,,,,,,,,,,,,,,,,,,,,,,,,,,,,,,,
134,134,https://github.com/PavelKonon/darkflow/commit/16c81e56bd0086d9ad29c156d5f65eacb0ad9350,,,,,,Rater_0Rater_1,,,,,,,,,,,,,,,,,,,,,,,,Rater_0Rater_1,,,,,,,,,,,,,,,
135,135,https://github.com/HemaZ/darkflow/commit/822bb0fa0df99951db2701074b405f14a7426d88,,,,,,,,,,,,,,,,,,,,,,,,,,,,,,,,Rater_0Rater_1,,,,,,,,,,,,,
136,136,https://github.com/PiotrHackatowski/darkflow/commit/17a93b5de4b498db14179d35f81c5c87e39ed4e2,,,,,,,,,,,,,,,,,,,,,,,,,,,,,,,,,,,,,,,Rater_0Rater_1,,,,,,
137,137,https://github.com/nicolefinnie/DarkEllie/commit/f6a1fe9892e7e99ae8f018da6db78b85cc3f18c9,Rater_0Rater_1,,,,,,,,,,,,,,,,,,,,,,,,,,,,,Rater_0Rater_1,,Rater_0Rater_1,,,,,,,,,,,,,
138,138,https://github.com/qnkhuat/darkflow/commit/a6534489be6c74d54003a0c7cb808cdb8a595976,,,,,,,,,,,,,,,,,Rater_0Rater_1,Rater_0Rater_1,,,,,,,,,,,,,,,,,,,,,,,,,,,
139,139,https://github.com/MarcGroef/darkflow/commit/bd75285c9e7ffadd09fba9ea06612f32dad2f3f8,Rater_0Rater_1,,,,,,,,,,,,,,,,,,,,,,,,,,,,,,,,,Rater_0Rater_1,,,,,,,,,,,
140,140,https://github.com/bendidi/darkflow/commit/f71c0f969d9807d05ac0e33d1c4e0658909ea102,Rater_0Rater_1,,,,,,,,,,,,,,,,,,,,,,,,,,,,,,,,,,,,,,,,,,,,
141,141,https://github.com/peter0749/darkflow/commit/1b7aa61da6ae8500b49c5395c9b4df9886220d41,Rater_0Rater_1,,,,,,,,,,,,,,,,,,,,,,,,,,,,,,,,,,,,,,Rater_0Rater_1,,,,,,
142,142,https://github.com/peter0749/darkflow/commit/87a018874e7102b335f29c0fa9ee0ddfd93a8586,,,,,,,,,,,,,,,,,,,,,,,,,,,,,,,,,,,,,,,Rater_0Rater_1,,,,,,
143,143,https://github.com/vinicius-trev/darkflow/commit/ee8778e2accf498e548f370ff28892895df36483,,,,,,,,,,,,,,,Rater_0Rater_1,,,,,,,,,,,,,,,,Rater_0Rater_1,,,,,Rater_0Rater_1,,,Rater_0Rater_1,,,,,,
144,144,https://github.com/dkermany/darkflow/commit/26dbf8c45fa39c5d64d433ff37cdf8a709106b6f,,,Rater_0Rater_1,,,,,,,,,,,,,,,,,,,,,,,,,,,,,,,,,,,,,,,,,,
145,145,https://github.com/dkermany/darkflow/commit/cece15f9cb8d68cd1ca23291615e73b1a3502f2a,,,,Rater_0Rater_1,,,,,,,,,,,,,,,,,,,,,,,,,,,,,,,Rater_0Rater_1,,,,,,,,,,
146,146,https://github.com/anasalsalah/yoloGUI/commit/d77bea50189f14eed68a78f5740cfbd5ecb74e67,,,Rater_0Rater_1,,,,,,,,,,,,,,,,,,,,Rater_0Rater_1,,,,,,,,,,,,,,,,,,,,,,
147,147,https://github.com/TranDinhKhang/darkflow/commit/5098dfaa37422abb268b2fcc950ee69ee3cc66dc,,,,,,,,,,,,,,,,,,,,,,,,,,,,,,,,,,,,,,,Rater_0Rater_1,,,,,,
148,148,https://github.com/ayermolo/darkflow/commit/c62d503493d2db6f3d94d106a60b2726a4eda47a,,,Rater_0Rater_1,,,,,,,,,,,,,,,,,,,,,,,,Rater_0Rater_1,,,,,,,,,,,,Rater_0Rater_1,,,,,,
149,149,https://github.com/derrickCos/rtmaps_object_detect/commit/bf0e8a6067aaeb14a7a6975274dbb4b0a5101eb0,,,,,,,,,,,,,,,,,,,,,,,,,,,,,,,,Rater_0Rater_1,,,,,,,,,,,,,
150,150,https://github.com/derrickCos/rtmaps_object_detect/commit/3446966c33f047e25d6061d3b90dc88bd8f9d5e4,,,,,,,,,,,,,,,,,,,,,,,,,,,,,,,,Rater_0Rater_1,,,,,,,,,,,,,
151,151,https://github.com/tammyyang/darkflow/commit/699fe41c52c48d971df7010004e9b835c36f1e5c,,,,,,Rater_0Rater_1,,Rater_0Rater_1,,,,,,,,,,,,,,,,Rater_0Rater_1,,,Rater_0Rater_1,,,Rater_0Rater_1,,Rater_0Rater_1,,,,,,,,,,,,,
152,152,https://github.com/nith822/darkflow/commit/ff0c4ee63746044c79cd1f663357176cc49009d3,,,,,,,,,,,,,,,,,,,,,,,,,,,,,,,,Rater_0Rater_1,,,,,,,,,,,,,
153,153,https://github.com/chewwt/darkflow/commit/90c39b7c29c4266420c2a0b3b3674fe51e57e004,,,,,,,,,,,,Rater_0Rater_1,,,,,,,,,,,,,,,,,,,,,,,,,,,Rater_0Rater_1,,,,,,
154,154,https://github.com/rgparask/darkflow/commit/eff29b9c98b4bcf05ba70c0c0c0262abdc32759e,Rater_0Rater_1,,,,,,Rater_0Rater_1,,,,,,,,,,,,,,,,,,,,,,,,,,,Rater_0Rater_1,,Rater_0Rater_1,,,Rater_0Rater_1,,,,,,
155,155,https://github.com/jacklone/darkflow/commit/472ee0f43b1d72829eb1cb85492a0588eebd7cb4,,,,,,,,,,,,,Rater_0Rater_1,,,,,,,,,,,,,,,,,,,,,,,,,,,,,,,,
156,156,https://github.com/GrantPayneDenver/darkflow/commit/352ecec566bdb375b4ebc2a155f7121d7c8678c6,Rater_0Rater_1,,,,,,,,,,,,,,,,,,,,,,,,,,,,,,,,,,,,,,,,,,,,
157,157,https://github.com/sugartom/darkflow/commit/a50bfc2b4e9bce69f1fefbafe0a5da702853f6b3,Rater_0Rater_1,,,,,,,,,,,,,,,,,,,,,,,,,,,,,,,,,,,,,,,,,,,,
158,158,https://github.com/Deepomatic/darkflow/commit/97fd1489500d8c3e91102b71b71d12e6839c8097,,,,,,,,,,,,,,,,,,,,,,,,Rater_0Rater_1,,,,,,Rater_0Rater_1,,,,,,,,,Rater_0Rater_1,,,,,,
159,159,https://github.com/gilirusak/darkflow/commit/c28ac2f17874ab0b4425b8090cd2949e0a09d909,,,,,,,,,,,,,,,,,,,,,,,,,,,,,,,,,,Rater_0Rater_1,,,,,,,,,,,
160,160,https://github.com/RyanJennings1/darkflow/commit/44fce8808fac675bd6489d0445eaf551861769c1,,,,,,,,,,,,,,,,,,,,,,,,,,,,,,,,,Rater_0Rater_1,,,,,,,,,,,,
161,161,https://github.com/RyanJennings1/darkflow/commit/29864653d6c6d81adb24087aa81fd3389d6cadfe,,,,,,,,,,,,,,,,,,,,,,,,,,,,,,,,Rater_0Rater_1,,,,,,,,,,,,,
162,162,https://github.com/RyanJennings1/darkflow/commit/c54ac6728612c4b9cb10af7bdef6983a17ebbfb5,,,,,,,,,,,,,,,,,,,,,,,,,,,,,,Rater_0Rater_1,,,,,,,,,,,,,,,
163,163,https://github.com/hangqiu/darkflow/commit/c4e3c64ef30a5e44f576b27f81d6bc823b009514,,,,,,,,,,,,,,,,,,,,,,,,,,,,,,,,,,,,,,,Rater_0Rater_1,,,,,,
164,164,https://github.com/hangqiu/darkflow/commit/682a86cf7ad4602368832d4628c9eda371d0860b,,,,,,,,,,,,,,,,,,,,,Rater_0Rater_1,,,,,,,,,Rater_0Rater_1,,,,,,,,,,,,,,,
165,165,https://github.com/bbrown1844/darkflow/commit/0a0e857635759547d8a4098eba9e062e06de7054,,,,,,,,,,,,,,,,,,,,,,,,,,,,,,,Rater_0Rater_1,,,,,,,,,,,,,,
166,166,https://github.com/gurlinthewurld/Faster-RCNN_TF/commit/5689beaeafd82b974e6c0a56088229a43a20320e,,,,,,,Rater_0Rater_1,,,,,,,,,,,,,,,,,,,,,,,,,,,,,,,,,,,,,,
167,167,https://github.com/ICRAR/rgz-faster-rcnn/commit/4ead0f9956c9a08cd77ff85840dada8858503f09,,,,,,Rater_0Rater_1,,,,,,,,,,,,,,,,,Rater_0Rater_1,,,,,,,,,,,,,,,,,,,,,,
168,168,https://github.com/ICRAR/rgz-faster-rcnn/commit/c4ddb63dce177e6288042cada4862a3e5c829218,,,,,,,,Rater_0Rater_1,,,,,,,,,,,,,,,,,,,,,,,,Rater_0Rater_1,,Rater_0Rater_1,,,,,,,,,,,
169,169,https://github.com/ICRAR/rgz-faster-rcnn/commit/63d118dec8e70a9108373b262201ebd3eee6d0a5,Rater_0Rater_1,,,,,,,,,,,,,,,,,,,,,,,,,,,,,,,,,,,,,,,,,,,,
170,170,https://github.com/beasteers/Faster-RCNN_TF/commit/2c76736d2399c63fbc0422b6c53d2bf4ca22738e,,,,,,,,,,,,,,,,,,,,,,,,,,,,,,Rater_0Rater_1,,,,,,,,,,,,,,,
171,171,https://github.com/michaelzhaobin/Faster-RCNN_TF1/commit/0cadbb0d635e800a0db7665aa8b57a49bf016264,,,,,,,,,,,,,,,,,,,,,,,,,,,,,,,,Rater_0Rater_1,,,,,,Rater_0Rater_1,,,,,,,
172,172,https://github.com/michaelzhaobin/Faster-RCNN_TF1/commit/8c9c4121e80cf9ef652a99d289547135ad034bfa,,,,,,,,,,,,,,,,,,,,,,,,,,,,,,,,,,,,,,Rater_0Rater_1,,,,,,,
173,173,https://github.com/Blssel/Faster-RCNN_TF/commit/94df08ad9902c23fc038b019fd40abad3afe5624,Rater_0Rater_1,,,,,,,,,,,Rater_0Rater_1,,,,,Rater_0Rater_1,,,,,,,,,,,,,,,,,,,,,Rater_0Rater_1,,,,,,,
174,174,https://github.com/gbyfbi/Faster-RCNN_TF/commit/8660202a8444e755b0ccad421260eb6448c6bf26,,,,,,,,,,,,,,,,,,,,,,,,,,,,,,,,,,,,,,,Rater_0Rater_1,,,,,,
175,175,https://github.com/goan15910/Faster-RCNN_TF/commit/de7dd6be5c55d43017b5ae18c893994b7d2126a4,,,,Rater_0Rater_1,,,,,,,,,Rater_0Rater_1,,,,,,,,Rater_0Rater_1,,,,,,,,Rater_0Rater_1,Rater_0Rater_1,,,,,,,,,Rater_0Rater_1,,,,Rater_0Rater_1,,
176,176,https://github.com/saizhang12/Faster-RCNN_TF/commit/09b2f7cbef50dca0f452ebcf29fe43bfc292b431,,,,,,,,,,,,,,,,,,,,,Rater_0Rater_1,,,,,,,,,,,,,,,,,,,,,,,,
177,177,https://github.com/saizhang12/Faster-RCNN_TF/commit/0d29d1bd79d92864fb096c367dd4ed7cf321166c,,,,,,,Rater_0Rater_1,Rater_0Rater_1,,,,,,,,,,,,,,,,,,,,,,,,,,,,,,,,,,,,,
178,178,https://github.com/pierlui92/tensorflow-fcn/commit/28f2d97819fed221343c8107f50937c6e86ceaf2,Rater_0Rater_1,,,,,,,,,,,,,,,,,,,,,,,,,,,,,,,,,,,,,,,,,,,,
179,179,https://github.com/dip-course/tensorflow-fcn/commit/2065d3dc74af4b752bc67e7fb98cf39bd882727f,,,,,,,,,,,,Rater_0Rater_1,,,,,,,,,,,,,,,,,,,,,,,,,,,,,,,,,
180,180,https://github.com/richarms/tf_unet/commit/9a9962ef16fc1f5745332590d403b55f2745983e,Rater_0Rater_1,,,,,,,,,,,Rater_0Rater_1,,,,,,,,,,,,,,,,,,,,,,,,,,,,,,,,,
181,181,https://github.com/richarms/tf_unet/commit/d4a70c8ef9a2bd40359b7ce0d0cd352092457d85,,,,,,,,,,,,,,,,,,,,,,,,,,,,,,Rater_0Rater_1,,,,,,,,,,,,,,,
182,182,https://github.com/rumaan/tf_unet/commit/1e593075c923c5b8957a72727939e91c50bc93ea,,,,,,,,,,,,,,,,,,,,,,,,,,,,,,Rater_0Rater_1,,,,,,,,,,,,,,,
183,183,https://github.com/MarvinYeh/tf_unet/commit/f41a2162f7837233a8e2e06f96607eb583db23d1,,,Rater_0Rater_1,,,,,,,,,,,,,,,,,,,,,,,,,,,Rater_0Rater_1,,,,,,,,,,,,,,,
184,184,https://github.com/ethanbb/tf_unet/commit/0d6777e4d82b2539b8d32812d71e4ffcc8354798,Rater_0Rater_1,,,,,,,,,,,,,,,,,,,,,,,,,,Rater_0Rater_1,,,Rater_0Rater_1,,Rater_0Rater_1,,,,,,,,,,,,,
185,185,https://github.com/jerichooconnell/tf_unet/commit/60b67bb964d19dd4a4677f7557dc738838a116e9,,,,,,,,,,,,,,,,,,,,,,,,,,,,,,,,,,,,,,,,Rater_0Rater_1,,,,,
186,186,https://github.com/amirbar/FastMaskRCNN/commit/97d848bb5f10d0c7b65030fec9c70f32ea1d7eef,,,,,,,,,,,,,,,Rater_0Rater_1,,,,,,Rater_0Rater_1,,,,,,,,,,,,,,,,,,,,,,,,
187,187,https://github.com/lcssos/FastMaskRCNN/commit/6681161503ad47589916f1d78a60b0dbd381b6cc,,,,,,,,,,,,,,,,,,,,,Rater_0Rater_1,,,Rater_0Rater_1,,,,,,,,,,,,,,Rater_0Rater_1,,,,,,,
188,188,https://github.com/joseph-zhong/FastMaskRCNN/commit/2bff6976a0ad6e339907642eabbec23d39a1e542,,,,,,,,,,,,,,,,,,,,,,,,,,,,,,,,Rater_0Rater_1,,,,,,,,,,,,,
189,189,https://github.com/yangcan2017/text-detection-ctpn/commit/30d3c59a59fb8926aea1ecb21c866240accc2a5a,,,,,,,,,,,,,,,,,,Rater_0Rater_1,,,Rater_0Rater_1,,,,,,,,,Rater_0Rater_1,,,,,Rater_0Rater_1,,,,,,Rater_0Rater_1,Rater_0Rater_1,,,
190,190,https://github.com/robingong/text-detection-ctpn/commit/8d86e0868c2cdf453f24c2bbbfc3ed89a2650c76,,,,,,,,,,,,,,,,,,,,,Rater_0Rater_1,,,,,,,,,,,,,,,,,,,,,,,,
191,191,https://github.com/IanByun/text-detection-ctpn/commit/af07bd293ab3fec49da48d06113831ee655cbc65,,,,,,,,,,,,,,,,,,,,,,,,,,,,,,,,Rater_0Rater_1,,,,,,,,,,,,,
192,192,https://github.com/AniketGurav/text-detection-ctpn/commit/9252ddd1c7cd8510d32d706061529411bdf32004,,,,,,,,,,,,,,,,,,,,,,,,,,,,,,,,,,,,,,,,,,,,,
193,193,https://github.com/AniketGurav/text-detection-ctpn/commit/a5156b02f72d92b61740c9e6ca267e6acef8a2d9,,,,,,,,,,,,,,,,,,,,,,,,Rater_0Rater_1,,,,,,,,,,,,,,Rater_0Rater_1,,,,,,,
194,194,https://github.com/alorozco53/text-detection-ctpn/commit/f90326f68522f3af3e4cdf5688138685de66bace,,,,,,,,,,,,,,,,,,,,,,,,,,,,,,,,,,,,,,,,,Rater_0Rater_1,Rater_0Rater_1,,,
195,195,https://github.com/HubertLegec/CRNN_Tensorflow/commit/3141a9ca5c0621c4d8fc8cea179ef56b4f6c20e3,Rater_0Rater_1,,,,,Rater_0Rater_1,,,,,,,,,,,,,,,,,,,,,,,,,,,,,,,,,,,,,,,
196,196,https://github.com/HubertLegec/CRNN_Tensorflow/commit/baaa2ae9c994e6038c76088c704f7e5b0bad443e,Rater_0Rater_1,,,,,,,,,,,,,,,,,,,,,,,,,,,,,,,,,,,,,,Rater_0Rater_1,,,,,,
197,197,https://github.com/billstark/CRNN_Tensorflow/commit/77b0863a67ad4bcb82a30100ad271f964d65269f,,,,,,Rater_0Rater_1,,,,,,,Rater_0Rater_1,,,,,,,,,,,,,,,,,,Rater_0Rater_1,,,Rater_0Rater_1,,,,,,,,,,,
198,198,https://github.com/happog/CRNN_Tensorflow/commit/82218b51a7faded8c29393f89b4e5c8bd585b9af,,,,,,,,,,,,,,,,,,,,,,,,,,,,,,,Rater_0Rater_1,,,,,,,,,,,Rater_0Rater_1,,Rater_0Rater_1,
199,199,https://github.com/JorgeCeja/research/commit/6921502786c6a4c503097ce2d1336e476e2c0947,Rater_0Rater_1,,,,,,,,,,,,,,,,,,,,,,,,,,,,,,,,,,,,,,,,,,,,
200,200,https://github.com/kkdevenda/research/commit/da2738bccf6d0b187608c7c2eafc13c8e3b516b3,,,,,,,,,,,,,,,,,,,,,,,,,,,,,,,,Rater_0Rater_1,,,,,,,,,,,,,
201,201,https://github.com/rahulsinghk998/research/commit/db1744fd7b603325b42889b26400fd92dd538a80,,,,,,,,,,,,,,,,,,,,,,,,,,,,,,,,Rater_0Rater_1,,,,,,,,,,,,,
202,202,https://github.com/rahulsinghk998/research/commit/c7e460471e4c2fe88264d2f77e405eba9faad203,Rater_0Rater_1,,,,,,Rater_0Rater_1,,,,,,,,,,,,,,,,Rater_0Rater_1,,,,,,,,,,,,,,,Rater_0Rater_1,,,,,,,
203,203,https://github.com/rahulsinghk998/research/commit/84bb943d512d3fb1839606db7b7be4e80e032315,,,,,,Rater_0Rater_1,,,,,,,,,,,,,,,,,,,,,,,,,,,,,,,,,,,,,,,
204,204,https://github.com/ErlendFax/research/commit/0313796d239298e0d5bd9368980d39889ed1d4e6,,,,,,,,Rater_0Rater_1,,,,,,,,,,,,,,,,,,,,,,,,,,,,,,,,,,,,,
205,205,https://github.com/janchk/Semantic-Segmentation-Suite/commit/7ff05ccf864cee18366a6efdaaf8a7c493c2c155,Rater_0Rater_1,,,,,,,,,,,,,,,,,,,,,,,Rater_0Rater_1,,,,,Rater_0Rater_1,,,,,,,,,,,,,,,,
206,206,https://github.com/nailbiter/panoptic-submission/commit/bac6ddd5e19d6c2c4b98e84070adb1681a53217e,,,Rater_0Rater_1,,,Rater_0Rater_1,,,,,,,,,,,,,,,,,,,,,,,Rater_0Rater_1,Rater_0Rater_1,,,,Rater_0Rater_1,,,,,,,,,,Rater_0Rater_1,
207,207,https://github.com/EmanueleGhelfi/Semantic-Segmentation-Suite/commit/b430d3004239b9da7ef276a88b71ccd4b6fbd489,,,,,,,,,,,,,,,,,,,,,,,,,,,,,,,,,,Rater_0Rater_1,,Rater_0Rater_1,,,,,,,,,
208,208,https://github.com/lancele/Semantic-Segmentation-Suite/commit/fcf0fe1303550ff811603e1b8a8f2bc538239eb7,,,,,,,,,,,,,,,,,,,,,,,,,,,,,,,,Rater_0Rater_1,,,,,,,,,,,,,
209,209,https://github.com/lancele/Semantic-Segmentation-Suite/commit/ec1e983ed34aa7bf805ad86eabe30daf0bacde21,,,,,,Rater_0Rater_1,,,,,,,,,,,,,,,,,,,,,,,,,Rater_0Rater_1,,,,,,,,,,,,,,
210,210,https://github.com/Meight/Semantic-Segmentation-Suite/commit/9db9786d27a801034105787ffb789b60960e7e7f,,,,,,,,,,,,Rater_0Rater_1,,,,,,,Rater_0Rater_1,,,,,,,,,,,,,,,,,,,,,,,,,,
211,211,https://github.com/Meight/Semantic-Segmentation-Suite/commit/1bda106287367ea69e384a1470321a9e363e895e,,,,,,,,,,,,,,,,,,,,,,,,,,,,,,,,Rater_0Rater_1,,,,,,,,,,,,,
212,212,https://github.com/Cuky88/TensorBox/commit/ec75ab58ef0bc9a0aec7c3ee6fd443c42e96ad57,,,,Rater_0Rater_1,,,,,,,,Rater_0Rater_1,,,,,,,,,,,,,,,,,,,,,,,,,,,,,,,,,
213,213,https://github.com/Irtza/TensorBox/commit/c0de1df1da3871cefbc93267df3377905ad1dea9,Rater_0Rater_1,,,,,,,,,,,,,,,,,,,,,,,,,,,,,,,,,,,,,,,,,,,,
214,214,https://github.com/ecatkins/TensorBox/commit/61e736502455f5822c90e4f11c2177585f12448d,,,,,,,,,,,,,,,,,,,,,,,,Rater_0Rater_1,,,,,,,,,,,,,,,,,,,,,
215,215,https://github.com/ecatkins/TensorBox/commit/08f9da3021b692dcb3685bd9dbf5d2f2aa3ea036,,,,,,,,,,,,Rater_0Rater_1,,,,,,,,,,,,,,,Rater_0Rater_1,,,,,,,,,,,,,,,,,,
216,216,https://github.com/ilaripih/TensorBox/commit/ca3cc2665e1a3e5de5b820e920da9fd971880162,,,Rater_0Rater_1,,,,,,,,,,,,,,,,,,,,,,,,,,,Rater_0Rater_1,,,,,,,,,,,,,,,
217,217,https://github.com/ilaripih/TensorBox/commit/49241e8527bfc70f266f0d60212a4a2ea2d3c3d4,,,,,,,,,,,,,Rater_0Rater_1,,,,,,,,,,,,,,,,,,,,,,,,,,,,,,,,
218,218,https://github.com/bethesirius/TensorBox/commit/1eb41e944494e721f3c4b1a5d287af99f4035a42,,,,,,,,,,,,,,,,,,,,,,,,,,,,,,,,,,,,,,,,,,,,Rater_0Rater_1,
219,219,https://github.com/RomanSteinberg/TensorBox/commit/cf34ed2e981957d755ada524b0d625279788415e,,,,,,,,,,,,,,,,,,,,,,,,,,,,,,,,Rater_0Rater_1,,,,,,Rater_0Rater_1,,,,,,,
220,220,https://github.com/iepathos/TensorBox/commit/4135004786ae7f61fb05b7e4c90c71d233a6aa9d,,,Rater_0Rater_1,,,,,,,,,,,,,,,,,,,,Rater_0Rater_1,,,,,,,,,,,,,,,,,,,,,,
221,221,https://github.com/ruqiang826/TensorBox/commit/8dee2634c679708c835d0dfcec57b7f1f0d87c8b,,,,,,,,,,,,,Rater_0Rater_1,,,,,,,,,,,,,,,,,,,Rater_0Rater_1,,,,,,,,,Rater_0Rater_1,,,,
222,222,https://github.com/reckdk/TensorBox/commit/bd7d4aed4b960c1b597ab016ec384e9e651137c9,,,,,,,,,,,,,,,,,,,,,,,,,,,,,,Rater_0Rater_1,,,,,,,,,,,,,,,
223,223,https://github.com/dmitrykudinov/PointCNN/commit/2e25f6cb3907728adc602d1d25938c66b7ebacc9,Rater_0Rater_1,,,,,Rater_0Rater_1,,,,,,,,,,,,,,,,,,,,,,,,,,,,,,,,,,Rater_0Rater_1,,,,Rater_0Rater_1,
224,224,https://github.com/ruoyuwangeel4930/PointCNN/commit/9a38085bd5e4ecdf4820d0a6189dd82b894d4bb6,,,Rater_0Rater_1,,,,,,,,,,,,,,,,,,,,,,,,Rater_0Rater_1,,,,,,,,,,,,,,,,,,
225,225,https://github.com/gar1t/PointCNN/commit/cd64e29f288b3342d34b396b90c1baa8892e5215,Rater_0Rater_1,,,,,,,,,,,,,,,,,,,,,,,,,,,,,,,,,,,,,,,,,,,,
226,226,https://github.com/TSchattschneider/PointCNN/commit/0efdc69db09abf8fbf68c204cbf192bd87d5eee5,,,,,,,,,,,,Rater_0Rater_1,,,,,,,,,,,,,,,,,,,,,,,,,,,,,,,,,
227,227,https://github.com/TSchattschneider/PointCNN/commit/1827a79b2ede15007a06d327d95f10bc07534200,,,,,,,,Rater_0Rater_1,,,,,,,,,,,,,,,,,,,,,,,,,,,,,,,,,,,,,
228,228,https://github.com/TSchattschneider/PointCNN/commit/54c0b75a0f57987e4cef7efe2ab9f7ea25583345,,,,,,,,,,,,,,,,,,,,,,,,,,,,,,,,,,,,,,,Rater_0Rater_1,,,,,,
229,229,https://github.com/TSchattschneider/PointCNN/commit/0e76f067e91914ff93399479fb46624f9e1d96c3,Rater_0Rater_1,,,,,,,Rater_0Rater_1,,,,,,,,,,,,,,,,,,,,,,,,,,,,,,,,,,,,,
230,230,https://github.com/ivoPe/PointCNN/commit/d62db10a3af19b326e94d341ede061e2d819e152,Rater_0Rater_1,,,,,,,,,,,,,,,,,,,,,,,,,,,,,,,,,,,,,,,,,,,,
231,231,https://github.com/Fitz1003Miao/PointCNN/commit/4fd2547c87dc392ef643a99ae330adb93d973149,,,,,,,,,,,,,,,,,,,,,,,,,,,,,,,,Rater_0Rater_1,,,,,,,,,,,,,
232,232,https://github.com/artificiala/PointCNN/commit/454fbf64aff157832e0c9c4034b2ac400a67a745,,,Rater_0Rater_1,,,,,,,,,,,Rater_0Rater_1,,,,,,,,,,,,,,,,,,,,,,,,,,,,,,,
233,233,https://github.com/MrCodeJun/PointCNN/commit/7d84cb7ca4d037da0a7ce6df75520c2cdf449d9a,,,,,,,,,,,,,Rater_0Rater_1,,,,,,,,,,,,,,,,,,,,,,,,,,,,,,,,
234,234,https://github.com/scisofttools/DeepLabCut/commit/8397bdabd84ce70da07fa7bd1e5aeebaad25b8bc,,,,,,,,,,,,,,,,,,,Rater_0Rater_1,,Rater_0Rater_1,,Rater_0Rater_1,,,,Rater_0Rater_1,,,Rater_0Rater_1,,Rater_0Rater_1,,,,Rater_0Rater_1,,Rater_0Rater_1,,,,Rater_0Rater_1,Rater_0Rater_1,,
235,235,https://github.com/scisofttools/DeepLabCut/commit/af1f4501e86187e416bbbfb04d27c975b5fd539f,,,,,,,,,,,,,,,,,,,,,,,,,,,,,,,,,,,,,,,Rater_0Rater_1,,,,,,
236,236,https://github.com/TravisWheelerLab/DeepLabCut/commit/b0f96d4c9df3ac1d5eb83ae6ad57a7f74d127ccf,Rater_0Rater_1,,,,,,,,,,,,,,,,,,,,,,,,,,,,,,,,,,,,,,,,,,,,
237,237,https://github.com/altairlight/DeepLabCut/commit/84004cac758ae528a71e77c213b92edecb234bb7,,,,,,,,,,,,,,,,,,,,,,,,,,,,,,,,Rater_0Rater_1,,,,,,,,,,,,,
238,238,https://github.com/bf777/DeepLabCut/commit/f9fa712bbf5eed3dc8622b359f3018dfe881345a,,,,,,,,,,,,,,,Rater_0Rater_1,,,,,,,,,,,,,,,,,,,,,,,,,,,,,,
239,239,https://github.com/tnedev/neural-style-tf/commit/1081cacb901db80204f7be4927b50311dc71a744,,,,,,,,,,,,,,,,,,,,,,,,,,,,,,,,,,,,,,,,,,,,,
240,240,https://github.com/Samreay/neural-style-tf/commit/f0ebf31e12e08ccebdcc8543e1685fe1c29f6938,,,,,,,,,,,,,,,,,,,,,,,,,,,,,,,,,,Rater_0Rater_1,,,,,,,,,,,
241,241,https://github.com/Samreay/neural-style-tf/commit/acc244ee383452f4ac55ea59ec4ab16aacf3872a,,,,,,,,,,,,Rater_0Rater_1,,,,,,,,,Rater_0Rater_1,,Rater_0Rater_1,,,,,,Rater_0Rater_1,,,,,,,,,,Rater_0Rater_1,,,,,,
242,242,https://github.com/Samreay/neural-style-tf/commit/522506935092b985ea7db6052d74e6969e70b63e,,,,,,,,,,,,,,,,,,,,,,,,,,,,,,,,,,,,,,,Rater_0Rater_1,,,,,,
243,243,https://github.com/dantreiman/neural-style-tf/commit/30f96af85a7d0676b694d80571f4808f8fc283ae,,,,,,,,,,,,,,,,,,,,,Rater_0Rater_1,,,,,,,,,,,,,,,,,,,,,,,,
244,244,https://github.com/dantreiman/neural-style-tf/commit/502e63146660d937cfadb3068184b7a81476cd24,,,Rater_0Rater_1,,,,,,,,,,,,,,,,,,,,,,,,,,,,,,,,,,,,,,,,,,
245,245,https://github.com/SS-JIA/openpose-py/commit/8528e318729cdf595c847f955e1e10d32733b8f7,,,Rater_0Rater_1,,,,,,,,,,,,,,,,,,,,,,,,,,,,,,,,,,,,,,,,,,
246,246,https://github.com/SS-JIA/openpose-py/commit/d9fa460648be7f50f798e8e043bd95e1f2525d5c,,,,,,,,,,,,,,,,,,,,,,,,,,,,,Rater_0Rater_1,,,,,,,,,,,,,,,,
247,247,https://github.com/tuq820/Realtime_Multi-Person_Pose_Estimation/commit/8238acb7c2aee728555c05f95c5b118b732f665e,,,,,,,,,,,,,,,,,,,,,,,,,,,Rater_0Rater_1,,,,,Rater_0Rater_1,,Rater_0Rater_1,Rater_0Rater_1,,,,,,,,,,Rater_0Rater_1
248,248,https://github.com/imhmhm/Realtime_Multi-Person_Pose_Estimation/commit/1262ed7ce8cec62351551544c17a3edfa45fd6e4,,,,,,Rater_0Rater_1,,,,,,,,,,,,,,,,,,,,,,,,,,,,,,,,,,,,,,,
249,249,https://github.com/limbo0000/Realtime_Multi-Person_Pose_Estimation/commit/3eed0b2c41782aba4f9d76154ef48169eeef8883,Rater_0Rater_1,,,,,,,,,,,,Rater_0Rater_1,,,,,,,,,,,,,,,,,,,,,,,,,,,,,,,,
250,250,https://github.com/YongWookHa/subpixel/commit/7c86d238ea0e448220b0e02789a88f045b1eec6a,,,,,,,Rater_0Rater_1,,,,,,,,,,,,,,,,,,,,,,,,,,,Rater_0Rater_1,,,,,Rater_0Rater_1,,,,,,
251,251,https://github.com/andersio/subpixel/commit/ebeb264ee31532dbe26fdd0f3be253ce785c67e9,,,,,,,,,,,,,,,,,,,Rater_0Rater_1,,,,,,,,,,,,,,,,,,,,,,,,,,
252,252,https://github.com/Mappy/tf-faster-rcnn/commit/29aefedc73be3d7419ba72802f347e372382db7d,,,,,,,,,,,,Rater_1Rater_0,,,,,,,,,Rater_1Rater_0,,,,,,,,,,,,,,Rater_1Rater_0,,,,,,,,,,
253,253,https://github.com/SimuJenni/tf-faster-rcnn/commit/6e3d81b57e54d822a6f01193219de26410241107,,,Rater_1Rater_0,,,,,,,,,,,,,,,,,,,,,,,,,,,,,,,,,,,,Rater_1Rater_0,,,,,,
254,254,https://github.com/junranhe/tf-faster-rcnn/commit/ce537d8843ee889b6f013cf4094634e7736069bc,,,Rater_1Rater_0,,,,,,,,,,,,,,,,,,,,,,,,,,,,,,,,,,,,,,,,,,
255,255,https://github.com/zhaocc1106/tf-faster-rcnn/commit/914c1ed0257df8d639d7fb589a3fda46136ab267,,,,,,,,,,,,,,,,,,,,,,,,,,,,,,,,,,,,,,Rater_1Rater_0,,,,,,,
256,256,https://github.com/StephenBydawell/tf-faster-rcnn/commit/60fe4aaecbf8486ad759fb24799e5269d94c48c1,,,,,,,,Rater_1Rater_0,,,,,Rater_1Rater_0,,,,,,,,,,,,,,,,,,,,,,,,,,Rater_1Rater_0,,,,,,
257,257,https://github.com/csmiler/tf-faster-rcnn/commit/8cb445450513e03e4aea65594050cbdc725fe699,Rater_1Rater_0,,,,,,,,,,,,Rater_1Rater_0,,,,,,,,,,,,,,,,,,,,,,,,,,,,,,,,
258,258,https://github.com/VCL-WHU/tf-faster-rcnn/commit/7264c3c1532fd26e2241d32f1c9170a643ef4f83,,,,,,,,,,,,,,,,,,,,,,,,,,,,,,,,,,,,,,Rater_1Rater_0,,,,,,,
259,259,https://github.com/shikorab/tf-faster-rcnn/commit/ae1c8c4aecc05d3f62f3ad44910cca4fc41e2137,,,,,,,,Rater_1Rater_0,,,,,,,,,,,,,,,,,,,,,,,,,,,,,,,Rater_1Rater_0,,,,,,
260,260,https://github.com/EkaterinaPogodina/tf-faster-rcnn/commit/94879e12edefd6f7c0e006c798258f0bbe0818da,,,,,,,,Rater_1Rater_0,,,,Rater_1Rater_0,,,,,,,,,,,,,,,,,,,,,,,,,,,,,,,,,
261,261,https://github.com/EkaterinaPogodina/tf-faster-rcnn/commit/98d38ecc8479c05113e25d04a19194ad0abb74be,,,Rater_1Rater_0,,,,,,,,,,,,,,,,,,,,,,,,,,,,,,,,,,,,,,,,,,
262,262,https://github.com/IAC-Team/SemSeg/commit/efbfffbd202cccbd54fca1125ed6de41b5df2f90,,,,,,,,Rater_1Rater_0,,,,,,,,,,,,,,,,,,,,,,,,,,,,,,,,,,,,,
263,263,https://github.com/srv/Posidonia-semantic-segmentation/commit/44471deb6b14a08018c63909beef178bb6e6d561,,,,,,,,,,,,,,,,,,,,,,,,,,,,,,,,Rater_1Rater_0,,,,,,,,,,,,,
264,264,https://github.com/srv/Posidonia-semantic-segmentation/commit/660a419fef0832d1c08fea07c1c4a51eef462356,,,Rater_1Rater_0,,,,,,,,,,,,,,,,,,Rater_1Rater_0,,,,,,,,,,,,,Rater_1Rater_0,,,,,,,,,,,
265,265,https://github.com/cheerss/neural-style/commit/ed9aed4ee48c464487dad7dc080b2a0b67521504,,,,,,,,Rater_1Rater_0,,,,,,,,,,,,,,,,,,,,,,,,,,Rater_1Rater_0,,,,,,,,,,,
266,266,https://github.com/byungsook/neural-style/commit/e8b51f40cfe44000bc6170b23c5fa062a02f7b53,Rater_1Rater_0,,,,,,,,,,,,,,,,,,,,,,,,,,,,,,,,,Rater_1Rater_0,,,,,,,,,,,
267,267,https://github.com/avoroshilov/neural-style/commit/69b12a8c90de8f8d82737128b34bc70f3625fe89,,,,,,,,,,,,Rater_1Rater_0,,,,,,,,,,,,,,,,,,,,,,,,,,,,,,,,,
268,268,https://github.com/avoroshilov/neural-style/commit/c403eff3f9dc4d7b9aeeb42aea16131094e10a7e,,,,,,,,,,Rater_1Rater_0,,,,,,,,,,,,,,,,,,,,,,,,,,,,,,,,,,,
269,269,https://github.com/avoroshilov/neural-style/commit/de72229be00784ed3597b3a8bc74cbfb42e98b12,,,,,,,,,,,,,,,,,,,,,,,,,,,,,,,,Rater_1Rater_0,,,,,,,,,,,,,
270,270,https://github.com/hektorbot/neural-style/commit/1c6b81cbd2749c64fbb044c15914bf03c20dfeec,,,,,,,,,,,,,,,Rater_1Rater_0,,,Rater_1Rater_0,,,,,,,,,,,,,,,,,,,,,,,,,,,
271,271,https://github.com/hektorbot/neural-style/commit/bae30ddbd54c042b39f349684a802b8e546d6489,,,,,,,,,,,,,,,,,,,,,,,,,,,,,,Rater_1Rater_0,,,,,,,,,,,,,,,
272,272,https://github.com/mathemage/neural-style/commit/bd9e00090d04d49b139ae97f49468f88979945e7,,,,,,,,,,,,Rater_1Rater_0,,,,,,,,,,,,,,,,,,,,,,,,,,,,,,,,,
273,273,https://github.com/MdSHossain/facenet/commit/b250aa59f7468a59ad86e737275b661a06864fb9,,,,,,,,,,,,,,,,,,,,,,,,,,,,,,,,Rater_1Rater_0,,,,,,,,,,,,,
274,274,https://github.com/helloyide/facenet/commit/5d2bf7317e485d36a7453ad158aff32c160d2282,,,,,,,,Rater_1Rater_0,,,,,,,,,,,,,,,,,,,,,,,,,,,,,,,,,,,,,
275,275,https://github.com/helloyide/facenet/commit/9134b7e4395e49aeaca00bf77baca3a1da907ba5,,,,,,,,,,,,,,,,,,,,,Rater_1Rater_0,,,,,,,,,,,,,,,,,,,,,,,,
276,276,https://github.com/modanesh/facenet/commit/42be355f4c63d60e2c1b6dbc9238b0b6c38a07c8,,,,,,,,,,,,,,,,,,,,,,,,,,,,,,,,,,,Rater_1Rater_0,,,,,,,,,,
277,277,https://github.com/shirlyxzr/facenet/commit/f7b6ec5c766c11425e9269b47985268832cb93d5,,,,,,,,,,,,,,,,,,,Rater_1Rater_0,,,,Rater_1Rater_0,,,,,,,,,,,,,,,Rater_1Rater_0,,,,,,,
278,278,https://github.com/chenyyx/facenet/commit/32c606a7cd7d17a294c5ff00a184e0ce2284d476,,,,,,,,,,,,,,,,,,,,,Rater_1Rater_0,,Rater_1Rater_0,,,,,,,,,Rater_1Rater_0,,,,,,Rater_1Rater_0,,,,,,,
279,279,https://github.com/wilzbach/facenet/commit/6f5e792d05113198194bf7dbfe2ab3294951a3f1,,,,,,,,,,,,,,,,,,,,,,,Rater_1Rater_0,,,,,,,,,,,,,,,,,,,,,,
280,280,https://github.com/whitenightwu/facenet/commit/bb82f05f495fe1ec8f494085291c83ce953efae5,,,,,,,,,,,,Rater_1Rater_0,Rater_1Rater_0,,,,Rater_1Rater_0,,,,,,Rater_1Rater_0,,,,,,,,,,,Rater_1Rater_0,,Rater_1Rater_0,,,Rater_1Rater_0,,,,,,
281,281,https://github.com/douxiaotian/facenet/commit/3c8e184a20ac9c434b9c72c09987f4fd74043f0a,,,,,,,,,,,,Rater_1Rater_0,,,,,,,,,,,Rater_1Rater_0,,,,,,,,,,,,,,,,,,,,,,
282,282,https://github.com/kenh1991/facenet/commit/1debc9dc14c6dc77dbf398e9cc4dc6147f4c3d06,,,,,,,,,,,,,Rater_1Rater_0,,,,,,,,,,,,,,,,,,,,,,,,,,,,,,,,
283,283,https://github.com/tolleybot/facenet/commit/bc1cbd35dab0ab3bdd621ca3f3a2d9426abe4256,,,Rater_1Rater_0,,,,,,,,,,,,,,,,,,,,,,,,,,,,,,,,,,,,,,,,,,
284,284,https://github.com/yhj2263/Facenet/commit/52d60e7e48037a7661e5a2b3d7f87e17b81df88d,,,,,,,,,,,,,,,,,,,,,Rater_1Rater_0,,,,,,,,,,,,,,,,,,,,,,,,
285,285,https://github.com/xunings/facenet/commit/caec16a92b377f89a2a63c75e698bd959d9853f0,,,,,,,,,,,,,,,,,,,,,,,,,,,,,,,,,,,,,,Rater_1Rater_0,,,,,,,
286,286,https://github.com/loomai/facenet/commit/38ce4210268e7fa0c3223db633db68f705e4ad26,,,,,,,,,,,,Rater_1Rater_0,,,,,,,,,,,,,,,,,,,,,,,,,,Rater_1Rater_0,,,,,,,
287,287,https://github.com/loomai/facenet/commit/37e6711d563bb840de99b543b32b05f9042b4a7e,,,,,,,,,,,,,,,,,Rater_1Rater_0,,,,,,,,,,,,,,,,,,,,,,,,,,,,
288,288,https://github.com/zxu7/facenet/commit/b5b3ddb5867e18780d94ee059ecc369556b1a9b3,,,Rater_1Rater_0,,,,,,,,,,,,,,,,,,,,,,,,,,,,,,,,,,,,,,,,,,
289,289,https://github.com/hungxiu1995/facenet/commit/a41cfd92f354f03b40f305f93ed756273e85420c,,,,,,,,,,,,,,,,,,,,,Rater_1Rater_0,,,Rater_1Rater_0,,,,,,Rater_1Rater_0,,,,,,Rater_1Rater_0,,Rater_1Rater_0,,,,,,,
290,290,https://github.com/Kshitij-Khode/facenet/commit/e24dccc87eb50388cb88b0ab56456672f368f91b,,,,,,,,Rater_1Rater_0,,,,Rater_1Rater_0,,,Rater_1Rater_0,,,,,,,,,,,,,,,,,,,,,,,,,,,,,,
291,291,https://github.com/maverickchen/facenet/commit/276e9417db951655bc8a4526f6f72ba3bef07098,,,,,,,,,,,,Rater_1Rater_0,,,,,,,,,,,,,,,,,,,,,,,,,,Rater_1Rater_0,,,,,Rater_1Rater_0,,
292,292,https://github.com/bkj/facenet/commit/b6e7295d15480c20d5e1085730cf1ac5f8dbbb5a,,,,,,,,,,,,,,,,,,,,,Rater_1Rater_0,,,,,,,,,,,,,,,,,,Rater_1Rater_0,,,,,,
293,293,https://github.com/EdwardDixon/facenet/commit/f251967786dc711f4aac3151e7b1c5907cb9c22e,,,,,,,,,,,,Rater_1Rater_0,,,Rater_1Rater_0,,,,,,,,Rater_1Rater_0,,,,,,,,,,,,,,,,,,,,,,
294,294,https://github.com/Ayanzadeh93/youtube-8m/commit/e944f6620541a47275078df7d89832819f6116d3,,,,,,,,,,,,,,,,,,,,,,,,,,,,,,,,,,,,,,,Rater_1Rater_0,,,,,,
295,295,https://github.com/dylancashman/youtube-8m/commit/3ef1260c6041d11b6561b6fcea99dbea174666ff,,,,,,,,,,,,,,,,,,,,,,,Rater_1Rater_0,,,,,,,,,,,,,,,,,,,,,,
296,296,https://github.com/nandck/youtube-8m/commit/7e8a45903fd1c5f6a615af49002da8bf225c06db,,,,,,,,,,,,,,,,,,,,,,,,,,,Rater_1Rater_0,,,,,,,,,,,,,,,,,,
297,297,https://github.com/clarencechen/youtube-8m/commit/76554aa44c558760b94f7ba3d698de9a2ce68091,,,,,,,,,,,,,,,,,,,,,,,,,,,,,,,,,,,,,,,Rater_1Rater_0,,,,,,
298,298,https://github.com/BoseAslCohort/youtube-8m/commit/d89c79dc663d434f5ebd1d08fc6bb28a8a871ec1,,,Rater_1Rater_0,,,,,,,,,,,,,,,,,,,,,,,,,,,,,,,,,,,,,,,,,,
299,299,https://github.com/ZhenyiZhao/CapsNet-Tensorflow/commit/53f70d1f0aec7a373a57ff92ba713685db28df99,,,,,,,,,,,,,Rater_1Rater_0,,,,,,,,,,,,,,,,,,,,,,Rater_1Rater_0,,,,,,,,,,
300,300,https://github.com/ZhenyiZhao/CapsNet-Tensorflow/commit/cc868b27094e61819cae7102db52542341d93341,Rater_1Rater_0,,,,,,,,,,,,Rater_1Rater_0,,,,,,,,,,,,,,,,,,,,,,,,,,,,,,,,
301,301,https://github.com/t333ura/CapsNet-Tensorflow/commit/7381c948b7e7b7b22114cc2ba23f0dccecd5d50d,,,,,,,,,,,,,,,,,,,,,Rater_1Rater_0,,,,,,,,,,,,,,,,,,,,,,,,
302,302,https://github.com/dhingratul/CapsNet-Tensorflow/commit/b367d752016002bc68690cb215a56cc6302ab2f3,,,,,,,,,,,,Rater_1Rater_0,,,,,,,,,,,,,,,,,,,,,,,,,,,,,,,,,
303,303,https://github.com/sugartom/deep_sort/commit/210047e72d98af6546f4a01c59416c48352afe8f,,,,,,,,,,,,,,,,,,,,,Rater_1Rater_0,,,,,,,,,,,,,,,,,,,,,,,,
304,304,https://github.com/jmcarpenter2/deep_sort_mcdat/commit/2214d2a74dacb35ddb786fb8868a6b9c6a55013d,,,,,,,,,,,,,Rater_1Rater_0,,,,,,,,,,,,,,,,,,,,,,,,,,,,,,,,
305,305,https://github.com/russelldj/deep_sort/commit/082d9d22576e0a51643dcfbcf68e40478f1fe846,Rater_1Rater_0,,,,,,,,,,,,Rater_1Rater_0,,,,Rater_1Rater_0,,,,Rater_1Rater_0,,,,,,,,,,,,,,,,,Rater_1Rater_0,,,,,,,
306,306,https://github.com/ashnarayan13/deep_sort/commit/77556dd0252c7fa60f333359c81445e8900d6f17,,,,,,,,,,,,,Rater_1Rater_0,,,,,,,,Rater_1Rater_0,,,,,,,,,,,,,,,,,Rater_1Rater_0,,,,,,,
307,307,https://github.com/dingqunfei/fast-style-transfer/commit/643207b0a4546317966e1e371eb073ca864de1cf,Rater_1Rater_0,,,,,,,,,,,,,,,,,,,,,,,,,,,,,,,,,,,,,,,,,,,,
308,308,https://github.com/JEF1056/fast-style-transfer/commit/91b6bd2b92f8ecdac936b25191511c5ed69706d0,,,,,,,,,,,,Rater_1Rater_0,,,,,,,,,,,,,,,,,,,,,,,,,,,,,,,,,
309,309,https://github.com/matthewarthur/fast-style-transfer/commit/ce9cf546f99e93f88c133e5969acfbb715f64dc6,,,,,,,,,,,,,,,,,,,,,,,,,,,,,,,,Rater_1Rater_0,,,,,,,,,,,,,
310,310,https://github.com/matthewarthur/fast-style-transfer/commit/8b9db8c18f4dfaf47d697ec5888b01cb0f4ec2d2,,,,,,,,,,,,,,,,,,,,,,,,,,,,,,,,Rater_1Rater_0,,,,Rater_1Rater_0,,,,,,,,,
311,311,https://github.com/k1ic/fast-style-transfer/commit/b7c1600cf4bd971e2123d6cbd3a06e158543031c,,,,,,,,,,,,,,,,,,,,,,,,,,,,,,,,Rater_1Rater_0,,,,,,,,,,,,,
312,312,https://github.com/acheng1230/fast-style-transfer/commit/91d51177ddd39015582cd5ab5f45e0f7e32e5bc0,,,,,,,,,,,,,,,,,,,,,,,,,,,,,,,,Rater_1Rater_0,,,,Rater_1Rater_0,,,,,,,,,
313,313,https://github.com/thhuang/fast-style-transfer/commit/d2a4aab4257d18901e9af52ceb6b2ca3a1ef44c0,,,,,,,,,,,,,,,,,,,,,,,,,,,,,,Rater_1Rater_0,,,,,,,,,,,,,,,
314,314,https://github.com/noblakit01/fast-style-transfer/commit/8d0f1aa9b2c203d16936aa5b3ff31749a700d68f,,,,,,,,Rater_1Rater_0,,,,,,,,,,,,,,,,,,,,,,,,,,,,,,,,,,,,,
315,315,https://github.com/daidahao/fast-style-transfer/commit/48b035f98ebc4cc2c51cc5ea5429bc8644975a35,,,,,,,,,,,,,,,Rater_1Rater_0,,,,,,,,,,,,,,,,,,,,,,,,,,,,,,
316,316,https://github.com/SallyM/fast-style-transfer/commit/48b035f98ebc4cc2c51cc5ea5429bc8644975a35,,,,,,,,,,,,,,,Rater_1Rater_0,,,,,,,,,,,,,,,,,,,,,,,,,,,,,,
317,317,https://github.com/CodeRecipeJYP/fast-style-transfer/commit/5004b9ec7c4ecf6cd047f3993ed6f463fbf74036,,,,,,,,,,,,,,,,,,,,,,,,,,,,Rater_1Rater_0,,,,,,,,,,,,,,,,,
318,318,https://github.com/tambetm/fast-style-transfer/commit/5e86b2cbbb6e3cf74249f4e2367bc51a4c745182,Rater_1Rater_0,,,,,,,,,,,,Rater_1Rater_0,,,,,,,,,,,,,,,,,,,,,,,,,,,,,,,,
319,319,https://github.com/dreyk/fast-style-transfer/commit/a1001b8a167dce21aab11e7dab47854ad175a876,,,,Rater_1Rater_0,,,,,,,,Rater_1Rater_0,,,,,,,,,,,,,,,,,,,,,,,,,,,,,,,,,
320,320,https://github.com/rjdbcm/darkflow/commit/c48b4154652bd42fa4d050c131b7479b9054575a,,,,,,,,,,,,,,,,,,,,,Rater_1Rater_0,,Rater_1Rater_0,,,,,,,,,,,,,,,,,,,,,,
321,321,https://github.com/rjdbcm/darkflow/commit/5139613e577c044d17ed4632ef45f93f92940de0,,,,,,,,,,,,Rater_1Rater_0,Rater_1Rater_0,,,,,,,,,,,,,,,,,,,Rater_1Rater_0,,,,,,,Rater_1Rater_0,,,,,,
322,322,https://github.com/PiotrHackatowski/darkflow/commit/b40881381eaa3fd3c14c15d65ae4ae39e75474ba,,,,,,,,,,,,,,,,,,,,,,,,,,,,,,,,Rater_1Rater_0,,,,,,,,,,,,,
323,323,https://github.com/PiotrHackatowski/darkflow/commit/957194f537a3342139760e5d352f654e5525982a,,,,,,,,,,,,,,,,,,,,,,,,,,,,,,,,Rater_1Rater_0,,,,,,,,,,,,,
324,324,https://github.com/kochkina/darkflow/commit/4d03d1403e56b478d78a8288ca69575fd26b686e,,,,,,,,,,,,,,,,,,,,,Rater_1Rater_0,,,,,,,,,,,,,,,,,,,,,,,,
325,325,https://github.com/kochkina/darkflow/commit/2d5e068c1d6878f7b48520e4f9435b572ecaf5cd,,,,,,,,,,,,,,,,,,,,,,,,,,,,,,Rater_1Rater_0,,,,,,Rater_1Rater_0,,,,,,,,,
326,326,https://github.com/MarcGroef/darkflow/commit/7a7a7905d9b8371cc083b41007e8f1ce24a6468b,,,,,,,,,,,,,,,Rater_1Rater_0,,,,,,,,,,,,,,,,,,,,,,,,,,,,,,
327,327,https://github.com/rauar/darkflow/commit/b7274476bbdee728b3cb1c1cc6cc8938b09c62e0,Rater_1Rater_0,,,,,,,,,,,Rater_1Rater_0,,,,,,,,,Rater_1Rater_0,,,,,,,,,,,,,,,,,,,,,,,,
328,328,https://github.com/anasalsalah/yoloGUI/commit/3ffdff8a6d75045e7668e1c2775cf4be9d01ef25,,,,,,,,,,,,Rater_1Rater_0,,,,,,,,,,,,,,,,,,,,,,,,,,,,,,,,,
329,329,https://github.com/anasalsalah/yoloGUI/commit/8587f80b183e4d709e908a87c602d0bc26afe90a,Rater_1Rater_0,,,,,,,,,,,,,,,,,,,,,,,,,,,,,,,,,,,,,,,,,,,,
330,330,https://github.com/fakhouri-junior/darkflow/commit/bef0e29191afc597ec15006f046e9bdf278a71d5,,,,,,,,,,,,,,,,,,,,,,,,,,,,,,Rater_1Rater_0,,,,,,,,,,,,,,,
331,331,https://github.com/derrickCos/rtmaps_object_detect/commit/069c8e649846e283f1d69345e46d6d23a6da08b4,Rater_1Rater_0,,,,,,,,,,,,,,,,,,,,,,,,,,,,,,,,,,,,,,,,,,,,
332,332,https://github.com/nitsourish/darkflow/commit/361f696a9b68c7eb0a2a7105685ecef4c8148e78,,,,,,,,,,,,,,,,,,,,,,,,,,,,,,,,,,,,Rater_1Rater_0,,,,,,,,,
333,333,https://github.com/saranshkarira/darkflow/commit/b3d3c1f78e73c65afff0ca7fc4dd909c2abb66f5,,,,,,,,,,,,,,,,,,,,,,,,,,,,,,,,Rater_1Rater_0,,,,,,,,,,,,,
334,334,https://github.com/johnsonice/yolomodel/commit/90e19228382e95228afa023fde874519f3d1eefd,,,,,,,,,,,,,,,,,,,,,,,,,,,,,,,,Rater_1Rater_0,,,,,,,,,,,,,
335,335,https://github.com/oldshuren/darkflow/commit/fd74d0b9cafea54612b82b5b03730e85ada96a2f,,,,,,,,Rater_1Rater_0,,,,,,,,,,,,,,,,,,,,,,,Rater_1Rater_0,Rater_1Rater_0,,,,,,Rater_1Rater_0,,,,,,,
336,336,https://github.com/didiladi/darkflow/commit/91d99f9ffc7d2fa2549c0964caef780354d295b4,,,,,,,,,,,,Rater_1Rater_0,,,,,,,,,,,,,,,,,,,Rater_1Rater_0,,,,,,,,,,,,,,
337,337,https://github.com/supersoaker/darkflow/commit/4e3339fef59d5c69a585dbb4a932d889b09c561c,,,Rater_1Rater_0,,,,,,,,,,,,,,,,,,,,,,,,,,,,,,,,,,,,,,,,,,
338,338,https://github.com/supersoaker/darkflow/commit/7c9755a93e2498e97c3e1a2de218dd4be7139c82,,,,,,,,,,,,,,,,,,,,,,,,,,,,,,,,,,,,Rater_1Rater_0,,,,,,,,,
339,339,https://github.com/Gitariansen/darkflow/commit/a571818b5c6cfdfb24f0480c4c7d355c39691a57,,,,,,,,,,,,,,,,,,,,,,,,,,,,,,,,,,,,,,,Rater_1Rater_0,,,,,,
340,340,https://github.com/Gitariansen/darkflow/commit/4428aea7510d7321f7a28350428abeb53bb95cfd,,,,,,,,,,,,,,,,,,,,,,,,,,,,,,,,,,,,,,,Rater_1Rater_0,,,,,,
341,341,https://github.com/ICRAR/rgz-faster-rcnn/commit/18f537c6078bcf5b7e41508f09c6e979e6e4445b,,,,,,,,,,,,,Rater_1Rater_0,,,,,,,,,,,,,,,,,,,,,,,,,,,,,,,,
342,342,https://github.com/ICRAR/rgz-faster-rcnn/commit/5257beff714eed791e7903fbbebe7e940e021148,,,,,,,,,,,,,,,,,,,,,,,,,,,,,,,,,,,,,,,Rater_1Rater_0,,,,,,
343,343,https://github.com/seohyunchoi123/Faster-RCNN_TF/commit/f84483a3b9fd75e75254015d0ffc19b9460eec3e,,,,,,,,,,,,,,,,,,,,,Rater_1Rater_0,,,,,,,,,,,,,,,,,,,,,,,,
344,344,https://github.com/lukealexmiller/Faster-RCNN_TF/commit/cd1213cb29e5e95c5134fdd56cab8b55f795b5db,,,,,,,,,,,,Rater_1Rater_0,,,,,,,,,Rater_1Rater_0,,,,,,,,,,Rater_1Rater_0,Rater_1Rater_0,,,,,,,,,,,,,
345,345,https://github.com/krohitm/Faster-RCNN_TF/commit/c75538377560ee774173a3415e9601f7d796647e,,,,,,,,,,,,,,,,,,,,,,,Rater_1Rater_0,,,,,,,,,,,,,,,,,,,,,,
346,346,https://github.com/michaelzhaobin/Faster-RCNN_TF1/commit/6da926b2d4371b603c4ed359cc7c1ca43f4a1065,,,,,,,,,,,,,,,,,,,,,Rater_1Rater_0,,,,,,,,,,,Rater_1Rater_0,,,,,,,,,,,,,
347,347,https://github.com/goan15910/Faster-RCNN_TF/commit/0ed8945b1cb022896c51621f9a3cc372cc7e9000,,,,,,,,,,,,,Rater_1Rater_0,,,,,,,,,,,,,,,,,,Rater_1Rater_0,,,,,,,,,,,,,,
348,348,https://github.com/goan15910/Faster-RCNN_TF/commit/6fa57dc7d66f73f17d979f5db4696eba5001d3fe,,,,,,,,,,,,,Rater_1Rater_0,,Rater_1Rater_0,,,,,,,,,,,,,,,,,,,,,,,,,,,,,,
349,349,https://github.com/lcssos/Faster-RCNN_TF/commit/65b022d7ae9f0880ba78a44e0ab01400e02a527b,,,,,,,,,,,,,Rater_1Rater_0,,Rater_1Rater_0,,Rater_1Rater_0,,,,,,,,,,,,,,Rater_1Rater_0,,,,,,,,,,,,,,
350,350,https://github.com/pierlui92/tensorflow-fcn/commit/4cc9b0b1f5f66cba74de329dd84e825c6e9c4485,,,,,,,,Rater_1Rater_0,,,,,,,,,,,,,,,,,,,,,,,,,,,,,,,,,,,,,
351,351,https://github.com/anadodik/tensorflow-fcn/commit/87e7148efd986e14ec0841d4b9cd30f77d9f9f56,,,,,,,,,,,,,,,,,,,,,Rater_1Rater_0,,,,,,,,,,,,,,,,,,Rater_1Rater_0,,,,,,
352,352,https://github.com/qingzew/tensorflow-fcn/commit/f0bc96347c97f34e1fe16d874563a90e1d9714f0,,,,,,,,,,,,,,,,,,,,,,,,,,,,,,,,Rater_1Rater_0,,,,,,,,,,,,,
353,353,https://github.com/DSLituiev/tf_unet/commit/f2af6bf540a2506c1e52654aba5e22f04e14f0dd,,,,,,,,,,,,,Rater_1Rater_0,,,,,,,,,,,,,,,,,,,,,,,,,,,,,,,,
354,354,https://github.com/mmmatthew/watsen/commit/0913c1434f8dbb67b5d52e509f024ff835065d85,,,,,,,,,,,,,,,,,Rater_1Rater_0,,Rater_1Rater_0,,,,,,,,,,,Rater_1Rater_0,,,,,,,,,,,,,,,
355,355,https://github.com/ethanbb/tf_unet/commit/828db7921b138a16d12784c1d9cc7db1bc23efbc,,,,,,,,,,,,,,,,,,,,,,,,,,,,,,,,Rater_1Rater_0,,,,,,,,,,,,,
356,356,https://github.com/Intermodalics/FastMaskRCNN/commit/dc1ddcceee71f76071b9f055c1bb265a4707abc1,,,,,,,,Rater_1Rater_0,,,,,,,,,,,,,,,,,,,,,,,,,,,,,,,Rater_1Rater_0,,,,,,
357,357,https://github.com/sebaschaal/FastMaskRCNN/commit/fee8a646c272a40bef555aa9b28baee0c745477d,,,,,,,,,,,,,,,,,,,,,,,,,,,,,,,,Rater_1Rater_0,,,,,,,,,,,,,
358,358,https://github.com/lcssos/FastMaskRCNN/commit/2b959602a8bc2c718dfe53621e18aa4c55d9d5e5,,,,,,,,,,,,,,,,,,,,,,,,Rater_1Rater_0,,,,,,,,,,,,,,,,,,,,,
359,359,https://github.com/CMWENLIU/text-detection-ctpn/commit/6ac99223045c348adbc03929ce969a35dd9e766f,,,,,,,,,,,,,,,,,,,,,,,,,,,,,,,,,,,,Rater_1Rater_0,,,,,,,,,
360,360,https://github.com/lynnmatrix/text-detection-ctpn/commit/979181e43e32988c7717b185d12d2b25aba11f85,,,,,,,,,,,,,,,,,,,,,,,,,,,,,,,Rater_1Rater_0,,,,,,,,,,,,,,
361,361,https://github.com/andreruas/Semantic-Segmentation-Suite/commit/9394521f677019d83452604efda7793b94547cfe,,,Rater_1Rater_0,,,,,,,,,,,,,,,,,,,,,Rater_1Rater_0,,,,,,,,,,,,,,,,,,,,,
362,362,https://github.com/Meight/Semantic-Segmentation-Suite/commit/4d1d52018effbcf1ff0363a925398eadfe6736c8,,,,,,,,,,,,,,,,,,,,,Rater_1Rater_0,,,,,,,,,,,,,,,,,,,,,,,,
363,363,https://github.com/Meight/Semantic-Segmentation-Suite/commit/1f61dd6ca0d9883dfb1894cb515deedf1fb8340c,,,,,,,,,,,,,,,,,,,,,,,,,,,,,,,,,,,,,,,Rater_1Rater_0,,,,,,
364,364,https://github.com/pojaghi/tensorbox/commit/2213b26043f6422d60da98ef857a8562b6acb17b,,,Rater_1Rater_0,,,,,,,,,,,,,,,,,,,,,,,,,,,,,,,,,,,,,,,,,,
365,365,https://github.com/Raochuan89/TensorBox/commit/aeb45e8fdc100f74aa8cf2fa85b1324483a1fff1,,,,,,,,,,,,,,,,,,,,,,,,,,,,,,,,Rater_1Rater_0,,,,,,,,,,,,,
366,366,https://github.com/gitter-badger/TensorBox/commit/c0de1df1da3871cefbc93267df3377905ad1dea9,,,,,,,,,,,,,,,,,,,,,,,,,,,Rater_1Rater_0,,,,,,,,,,,,,,,,,,
367,367,https://github.com/ArnholdInstitute/TensorBox/commit/8e78d2e6432194b14e4e23f03e6e5c3db170aeaa,,,,,,,,,,,,Rater_1Rater_0,,,,,,,,,,,,,,,,,,,,,,,,,,,,,,,,,
368,368,https://github.com/gongenhao/TensorBox/commit/74994fb72c89ef79dd309b06b3b90d143341ad11,,,,,,,,,,,,,,,,,,,,,,,,,,,Rater_1Rater_0,,,,,,,,,,,,,,,,,,
369,369,https://github.com/tch/PointCNN/commit/891f3e04b44805b066865aeef1275ac6f217c58f,Rater_1Rater_0,,,,,,,Rater_1Rater_0,,,,,Rater_1Rater_0,,,,,,,,,,,,,,,,,,,,,,,,,,,,,,,,
370,370,https://github.com/TSchattschneider/PointCNN/commit/d865b47b9ff503724ff4d0baaf4f8317af1a2f5f,,,,,,,,,,,,,,,,,,,,,,,,,,,,,,,,,,,,,,,Rater_1Rater_0,,,,,,
371,371,https://github.com/TravisWheelerLab/DeepLabCut/commit/265fd23e3e8d1a276208d8d581857793a4860a12,,,Rater_1Rater_0,,,,,,,,,,,,,,,,,,,,,,,,,,,,,,,,,,,,,,,,,,
372,372,https://github.com/TravisWheelerLab/DeepLabCut/commit/b3321a0d7c75f7a4a93c3f5d3768d95373db754d,,,,,,,,,,,,,,,,,,,,,Rater_1Rater_0,,,,,,,,,,,,,,,,,,,,,,,,
373,373,https://github.com/bf777/DeepLabCut/commit/6d5ecc81d09915289dc7f50586340e26af6f63db,Rater_1Rater_0,,,,,,,,,,,,Rater_1Rater_0,,,,,,,,,,,,,,,,,,,,,,,,,,,,,,,,
374,374,https://github.com/SS-JIA/openpose-py/commit/c529861919aa26488e93dfee277b2ddcecf55fcc,,,,,,,Rater_1Rater_0,,,,,Rater_1Rater_0,,,,,,,,,,,,,,,,,,Rater_1Rater_0,,,,,,Rater_1Rater_0,,,,,,,,,
375,375,https://github.com/1Chic/Realtime_Multi-Person_Pose_Estimation/commit/828078689090a64c63e44fcd8e86fc72de72a545,,,,,,,,,,,,,,,,,,,Rater_1Rater_0,,,,,,,,,,,,,,,,,,,,,,,,,,
376,376,https://github.com/dribnet/subpixel/commit/a1ea39217e9037ed5f06b5579fdecf6454332252,,,,,,,,Rater_1Rater_0,,,,,,,,,,,,,,,,,,,,,,,,,,,,,,,,,,,,,
377,377,https://github.com/YongWookHa/subpixel/commit/295e823ea865cd1552ec18d18c81132243d7dbc0,,,,,,,Rater_1Rater_0,,,,,,,,,,,,,,,,,,,,,,,,,,,,,,,,,,,,,,
